trial,mode,seed,cycles,burst_prob,burst_scale,drift_rate,noise_scale,shock_prob,shock_scale,admissions,denials,latch_events,first_latch_cycle,intervention_precision,resid_p95,resid_p99
0,raw_v2,42,928,0.012751183074493362,2.1075967506180935,0.004464214762976455,0.15256481854952222,0.013533989748458226,6.460897838524227,69,859,859,0,0.0,1.31157126406586,2.4588324308172647
0,scout_v2,42,928,0.012751183074493362,2.1075967506180935,0.004464214762976455,0.15256481854952222,0.013533989748458226,6.460897838524227,67,861,861,0,0.4020618556701031,0.8,0.8
1,raw_v2,7961,1761,0.06385843392837261,3.9847339553702836,0.014082918691878178,0.1797200130918935,0.0028078832853274662,2.927222244366344,50,1711,1711,0,0.0,1.6474442488215566,2.3623531593138978
1,scout_v2,7961,1761,0.06385843392837261,3.9847339553702836,0.014082918691878178,0.1797200130918935,0.0028078832853274662,2.927222244366344,50,1711,1711,0,0.21428571428571427,0.8,0.8
2,raw_v2,15880,1718,0.06293597216896515,3.5441551914833473,0.006950811448180992,0.193515629896576,0.01639192088271127,3.600544923820584,41,1677,1677,0,0.0,1.7455751492967087,2.335873022966549
2,scout_v2,15880,1718,0.06293597216896515,3.5441551914833473,0.006950811448180992,0.193515629896576,0.01639192088271127,3.600544923820584,41,1677,1677,0,0.19480519480519481,0.8,0.8
3,raw_v2,23799,725,0.04884265057597247,1.9524931888613597,0.005317923000657194,0.05081757081860799,0.016128216207375767,6.785774213546462,150,575,575,0,0.0,1.0689053615664355,1.1462515715323573
3,scout_v2,23799,725,0.04884265057597247,1.9524931888613597,0.005317923000657194,0.05081757081860799,0.016128216207375767,6.785774213546462,150,575,575,0,0.5125,0.8,0.8
4,raw_v2,31718,1426,0.05623269335791482,3.4048560283442937,0.010011762019600091,0.04605661770497417,0.005421705942322117,5.2099171433193385,306,1120,1120,0,0.0,1.0621933321597257,1.1459413532931382
4,scout_v2,31718,1426,0.05623269335791482,3.4048560283442937,0.010011762019600091,0.04605661770497417,0.005421705942322117,5.2099171433193385,306,1120,1120,0,0.5652173913043478,0.8,0.8
5,raw_v2,39637,725,0.019030765190223904,2.1483275405014846,0.009710164371385973,0.12518457765430285,0.017485669342360153,6.455110239569736,77,648,648,0,0.0,1.232198386701822,1.4090770816099936
5,scout_v2,39637,725,0.019030765190223904,2.1483275405014846,0.009710164371385973,0.12518457765430285,0.017485669342360153,6.455110239569736,77,648,648,0,0.5542168674698795,0.8,0.8
6,raw_v2,47556,1146,0.05284879499973435,3.9299233318762177,0.00400773645245859,0.12421610716649834,0.005235409552423591,2.936036744419252,130,1016,1016,0,0.0,1.2673157132782147,1.686868225172777
6,scout_v2,47556,1146,0.05284879499973435,3.9299233318762177,0.00400773645245859,0.12421610716649834,0.005235409552423591,2.936036744419252,131,1015,1015,0,0.5785714285714286,0.8,0.8
7,raw_v2,55475,1518,0.04746102140049709,3.032821527137557,0.0010804506483107913,0.08743332798173864,0.007593804029734655,6.753828980910512,244,1274,1274,0,0.0,1.1529899056406319,1.4880929746806717
7,scout_v2,55475,1518,0.04746102140049709,3.032821527137557,0.0010804506483107913,0.08743332798173864,0.007593804029734655,6.753828980910512,241,1277,1277,0,0.5359477124183006,0.8,0.8
8,raw_v2,63394,904,0.049302525142878695,2.4544034774635186,0.01974871837262934,0.09454793743084267,0.008434771185929887,5.243124429643579,141,763,763,0,0.0,1.16399359397046,1.373861680364474
8,scout_v2,63394,904,0.049302525142878695,2.4544034774635186,0.01974871837262934,0.09454793743084267,0.008434771185929887,5.243124429643579,142,762,762,0,0.57,0.8,0.8
9,raw_v2,71313,1572,0.026889843171904376,3.334864256937399,0.0039886409314206835,0.1961364459102592,0.010630221294849007,4.952977426554636,39,1533,1533,0,0.0,1.4221541136215192,2.0963793523356884
9,scout_v2,71313,1572,0.026889843171904376,3.334864256937399,0.0039886409314206835,0.1961364459102592,0.010630221294849007,4.952977426554636,40,1532,1532,0,0.16901408450704225,0.8,0.8
10,raw_v2,79232,1234,0.08711099313716576,2.3086007105827537,0.00232887816955103,0.08818595494294935,0.008989818773539899,4.049028615013182,197,1037,1037,0,0.0,1.1597738990395148,1.3638010453232052
10,scout_v2,79232,1234,0.08711099313716576,2.3086007105827537,0.00232887816955103,0.08818595494294935,0.008989818773539899,4.049028615013182,196,1038,1038,0,0.5255474452554745,0.8,0.8
11,raw_v2,87151,833,0.11322125836201698,2.155301638660766,0.015456822991617823,0.032316805185978584,0.006868221880668297,6.915189586012316,190,643,643,0,0.0,1.0353493409546675,1.0682458970229538
11,scout_v2,87151,833,0.11322125836201698,2.155301638660766,0.015456822991617823,0.032316805185978584,0.006868221880668297,6.915189586012316,189,644,644,0,0.48148148148148145,0.8,0.8
12,raw_v2,95070,1078,0.0139837268516214,3.109164399645781,0.01435853483261885,0.09349242123418111,0.01245699979843119,2.4246727948898084,167,911,911,0,0.0,1.1667495003204778,1.3223823897920428
12,scout_v2,95070,1078,0.0139837268516214,3.109164399645781,0.01435853483261885,0.09349242123418111,0.01245699979843119,2.4246727948898084,167,911,911,0,0.5535714285714286,0.8,0.8
13,raw_v2,102989,738,0.11228822544558233,3.1854680272649984,0.00011690998700975453,0.10318840286320054,0.019464699089502515,4.553454886278509,87,651,651,0,0.0,1.3315173055537033,1.7008437213369418
13,scout_v2,102989,738,0.11228822544558233,3.1854680272649984,0.00011690998700975453,0.10318840286320054,0.019464699089502515,4.553454886278509,88,650,650,0,0.4583333333333333,0.8,0.8
14,raw_v2,110908,806,0.017930367788094412,2.3461494354537873,0.00045133287230461285,0.04046329013975056,0.0022482970770075707,6.6570086341237795,180,626,626,0,0.0,1.0419647998348744,1.0712234780766519
14,scout_v2,110908,806,0.017930367788094412,2.3461494354537873,0.00045133287230461285,0.04046329013975056,0.0022482970770075707,6.6570086341237795,179,627,627,0,0.5714285714285714,0.8,0.8
15,raw_v2,118827,1655,0.0755954787399006,3.784904287176289,0.017705455878638858,0.18335237666095727,3.58221983245266e-05,3.432980617083998,43,1612,1612,0,0.0,1.7341743150715363,2.3063721317803063
15,scout_v2,118827,1655,0.0755954787399006,3.784904287176289,0.017705455878638858,0.18335237666095727,3.58221983245266e-05,3.432980617083998,43,1612,1612,0,0.1518987341772152,0.8,0.8
16,raw_v2,126746,856,0.07940801646367039,1.207194994604078,0.007707061387150623,0.03688836170476393,0.012828187744782771,3.9786624024070805,192,664,664,0,0.0,1.0407795886511204,1.0697834894129046
16,scout_v2,126746,856,0.07940801646367039,1.207194994604078,0.007707061387150623,0.03688836170476393,0.012828187744782771,3.9786624024070805,192,664,664,0,0.5376344086021505,0.8,0.8
17,raw_v2,134665,1456,0.03466430043293882,3.6214079614556214,0.008944100731099023,0.043304600646088445,0.01674154012948405,6.093626953583338,307,1149,1149,0,0.0,1.0590951402864628,1.2533591147953334
17,scout_v2,134665,1456,0.03466430043293882,3.6214079614556214,0.008944100731099023,0.043304600646088445,0.01674154012948405,6.093626953583338,307,1149,1149,0,0.5394736842105263,0.8,0.8
18,raw_v2,142584,1793,0.06394118200797683,2.8295332327121336,0.018711934550913994,0.19717449905872617,0.014414016381322867,3.2291384976043513,31,1762,1762,0,0.0,1.568429821850784,2.1320214617069198
18,scout_v2,142584,1793,0.06394118200797683,2.8295332327121336,0.018711934550913994,0.19717449905872617,0.014414016381322867,3.2291384976043513,32,1761,1761,0,0.18181818181818182,0.8,0.8
19,raw_v2,150503,1275,0.06578399501000452,2.4621140225868414,0.008249182109572309,0.15777620123699257,0.016310750840374044,3.5128311931264324,80,1195,1195,0,0.0,1.4133723955300213,1.7635053873456155
19,scout_v2,150503,1275,0.06578399501000452,2.4621140225868414,0.008249182109572309,0.15777620123699257,0.016310750840374044,3.5128311931264324,79,1196,1196,0,0.3504273504273504,0.8,0.8
20,raw_v2,158422,1752,0.11674611436672952,4.026077920337518,0.010529880987149942,0.14018032672856984,0.01728587097673627,6.237223351252296,140,1612,1612,0,0.0,1.8049580848046232,2.4143761262126713
20,scout_v2,158422,1752,0.11674611436672952,4.026077920337518,0.010529880987149942,0.14018032672856984,0.01728587097673627,6.237223351252296,139,1613,1613,0,0.42613636363636365,0.8,0.8
21,raw_v2,166341,1724,0.06369367820955163,1.9951134575340088,0.00953168882671482,0.03388057548764444,0.012708854590850215,2.736029001339023,390,1334,1334,0,0.0,1.0346931383306377,1.0713180422771815
21,scout_v2,166341,1724,0.06369367820955163,1.9951134575340088,0.00953168882671482,0.03388057548764444,0.012708854590850215,2.736029001339023,390,1334,1334,0,0.5401069518716578,0.8,0.8
22,raw_v2,174260,1758,0.01850517628291943,2.9429087790601964,0.015415370784131181,0.14222210539505822,0.013436874566590236,4.056944389040089,155,1603,1603,0,0.0,1.2984643798392417,1.7307113227251254
22,scout_v2,174260,1758,0.01850517628291943,2.9429087790601964,0.015415370784131181,0.14222210539505822,0.013436874566590236,4.056944389040089,155,1603,1603,0,0.450261780104712,0.8,0.8
23,raw_v2,182179,1654,0.11222166202510465,1.3647281272741878,0.008526123919040092,0.16145530454118096,0.019841250865225465,6.317055386382653,87,1567,1567,0,0.0,1.3516297222596285,2.650344424859347
23,scout_v2,182179,1654,0.11222166202510465,1.3647281272741878,0.008526123919040092,0.16145530454118096,0.019841250865225465,6.317055386382653,88,1566,1566,0,0.3049645390070922,0.8,0.8
24,raw_v2,190098,1558,0.026410697896270124,2.7117164805814573,0.012189592316614845,0.16169856273725325,0.006560197585138976,5.855490299483365,83,1475,1475,0,0.0,1.3309792018512159,1.8449436667386703
24,scout_v2,190098,1558,0.026410697896270124,2.7117164805814573,0.012189592316614845,0.16169856273725325,0.006560197585138976,5.855490299483365,84,1474,1474,0,0.3046875,0.8,0.8
25,raw_v2,198017,1193,0.09681128435753747,2.4943609333963304,0.01316166213060066,0.13672471429997834,0.0041581389816736135,5.05166660969949,120,1073,1073,0,0.0,1.3221280787696161,1.6184848472458975
25,scout_v2,198017,1193,0.09681128435753747,2.4943609333963304,0.01316166213060066,0.13672471429997834,0.0041581389816736135,5.05166660969949,116,1077,1077,0,0.49640287769784175,0.8,0.8
26,raw_v2,205936,1551,0.11039830553390176,2.5660121556793754,0.007362198370988265,0.026365188406229992,0.0017702901397895921,3.9852741137856174,356,1195,1195,0,0.0,1.0266625698893002,1.072934167151564
26,scout_v2,205936,1551,0.11039830553390176,2.5660121556793754,0.007362198370988265,0.026365188406229992,0.0017702901397895921,3.9852741137856174,357,1194,1194,0,0.5,0.8,0.8
27,raw_v2,213855,808,0.08032954507632085,3.584828136148195,0.009121028886639031,0.1985640968585678,0.006264023655735869,6.0174281237051135,17,791,791,0,0.0,1.956089933698808,2.5920160461991477
27,scout_v2,213855,808,0.08032954507632085,3.584828136148195,0.009121028886639031,0.1985640968585678,0.006264023655735869,6.0174281237051135,18,790,790,0,0.21212121212121213,0.8,0.8
28,raw_v2,221774,1689,0.05318228446736563,3.4593281591218545,0.007773562148236302,0.054734266689111355,0.014720396127211323,5.697643395601571,340,1349,1349,0,0.0,1.081700448504244,1.322708135567265
28,scout_v2,221774,1689,0.05318228446736563,3.4593281591218545,0.007773562148236302,0.054734266689111355,0.014720396127211323,5.697643395601571,342,1347,1347,0,0.5684210526315789,0.8,0.8
29,raw_v2,229693,1218,0.11537470759746658,3.3392437650316147,0.014984916714103319,0.04262854810442607,0.01044726196781865,5.409836289964172,253,965,965,0,0.0,1.0841186590105152,1.2397635727031444
29,scout_v2,229693,1218,0.11537470759746658,3.3392437650316147,0.014984916714103319,0.04262854810442607,0.01044726196781865,5.409836289964172,249,969,969,0,0.5038167938931297,0.8,0.8
30,raw_v2,237612,1513,0.09903700207646625,2.289005870289391,0.013185998976373504,0.07508377146746908,0.00215293362744599,5.382182908156732,267,1246,1246,0,0.0,1.1328796537325099,1.2695547433158207
30,scout_v2,237612,1513,0.09903700207646625,2.289005870289391,0.013185998976373504,0.07508377146746908,0.00215293362744599,5.382182908156732,266,1247,1247,0,0.5681818181818182,0.8,0.8
31,raw_v2,245531,1777,0.10139746786057112,3.103872609650387,0.00665591802743424,0.11540278246754021,0.011779862228734034,6.160971942536809,218,1559,1559,0,0.0,1.4149145396239522,2.042865849500185
31,scout_v2,245531,1777,0.10139746786057112,3.103872609650387,0.00665591802743424,0.11540278246754021,0.011779862228734034,6.160971942536809,218,1559,1559,0,0.5466666666666666,0.8,0.8
32,raw_v2,253450,1718,0.11660558948968687,3.493724944997566,0.018413834008043892,0.09133010977218103,0.010953195055888116,2.796863706272533,252,1466,1466,0,0.0,1.2290440326537728,1.562095293293656
32,scout_v2,253450,1718,0.11660558948968687,3.493724944997566,0.018413834008043892,0.09133010977218103,0.010953195055888116,2.796863706272533,252,1466,1466,0,0.5136612021857924,0.8,0.8
33,raw_v2,261369,1215,0.024296333174761396,4.313230183710232,0.018371326715038185,0.10344218225499727,0.016292383340163502,4.9865780227919405,179,1036,1036,0,0.0,1.1951153485301367,1.6523366289590666
33,scout_v2,261369,1215,0.024296333174761396,4.313230183710232,0.018371326715038185,0.10344218225499727,0.016292383340163502,4.9865780227919405,181,1034,1034,0,0.559748427672956,0.8,0.8
34,raw_v2,269288,1782,0.05457426826518026,3.674781497048987,0.007742401331291746,0.10714921073882301,0.007650957118830832,6.4876789061205375,252,1530,1530,0,0.0,1.2350531510243918,1.7644222630066553
34,scout_v2,269288,1782,0.05457426826518026,3.674781497048987,0.007742401331291746,0.10714921073882301,0.007650957118830832,6.4876789061205375,251,1531,1531,0,0.5787037037037037,0.8,0.8
35,raw_v2,277207,946,0.02909962694696159,4.313021464030588,0.008628455009175555,0.13969881113315558,0.011505146723572016,2.5950976762712417,87,859,859,0,0.0,1.3251418429647788,2.081387716925409
35,scout_v2,277207,946,0.02909962694696159,4.313021464030588,0.008628455009175555,0.13969881113315558,0.011505146723572016,2.5950976762712417,88,858,858,0,0.4811320754716981,0.8,0.8
36,raw_v2,285126,995,0.05700317385306922,3.4116358768340866,0.005156221302502786,0.1548902896459608,0.010594340763854355,6.605582485850617,65,930,930,0,0.0,1.421194974953847,2.2190613377573247
36,scout_v2,285126,995,0.05700317385306922,3.4116358768340866,0.005156221302502786,0.1548902896459608,0.010594340763854355,6.605582485850617,65,930,930,0,0.40217391304347827,0.8,0.8
37,raw_v2,293045,1277,0.09373385178975079,4.171679236666791,0.015876766562925634,0.03247823280281232,0.014316368562292415,5.966606900521713,271,1006,1006,0,0.0,1.047949546395228,1.207688658599029
37,scout_v2,293045,1277,0.09373385178975079,4.171679236666791,0.015876766562925634,0.03247823280281232,0.014316368562292415,5.966606900521713,272,1005,1005,0,0.5419847328244275,0.8,0.8
38,raw_v2,300964,1194,0.09163951167351607,4.227456872362627,0.01889219253292266,0.03817600690018016,0.019693321064945143,4.4568008696982755,250,944,944,0,0.0,1.0539405282350633,1.2594578364922182
38,scout_v2,300964,1194,0.09163951167351607,4.227456872362627,0.01889219253292266,0.03817600690018016,0.019693321064945143,4.4568008696982755,250,944,944,0,0.5454545454545454,0.8,0.8
39,raw_v2,308883,1620,0.11541641962180246,1.996531366289972,0.013530635100931044,0.0633862475204277,0.014877182582885876,5.949419652565887,310,1310,1310,0,0.0,1.1035769534612183,1.2369959044301266
39,scout_v2,308883,1620,0.11541641962180246,1.996531366289972,0.013530635100931044,0.0633862475204277,0.014877182582885876,5.949419652565887,315,1305,1305,0,0.6054054054054054,0.8,0.8
40,raw_v2,316802,842,0.015456245917958876,2.382685523782362,0.015009473727460271,0.10523279384315451,0.014510897806973691,3.192067855140724,120,722,722,0,0.0,1.1708188011506393,1.257544534783338
40,scout_v2,316802,842,0.015456245917958876,2.382685523782362,0.015009473727460271,0.10523279384315451,0.014510897806973691,3.192067855140724,120,722,722,0,0.5576923076923077,0.8,0.8
41,raw_v2,324721,775,0.03744734923549583,2.0127409340025197,0.012628983475285446,0.16070703042534615,0.013744214475223481,4.3370048025664385,46,729,729,0,0.0,1.3161730927463187,1.6081786301464103
41,scout_v2,324721,775,0.03744734923549583,2.0127409340025197,0.012628983475285446,0.16070703042534615,0.013744214475223481,4.3370048025664385,47,728,728,0,0.3287671232876712,0.8,0.8
42,raw_v2,332640,1172,0.019233755468463933,1.2005980596338293,0.015202308733576163,0.19175828236612283,0.016604003283168668,3.8995202530874717,23,1149,1149,0,0.0,1.3811906476533755,1.971863412937696
42,scout_v2,332640,1172,0.019233755468463933,1.2005980596338293,0.015202308733576163,0.19175828236612283,0.016604003283168668,3.8995202530874717,23,1149,1149,0,0.06666666666666667,0.8,0.8
43,raw_v2,340559,1570,0.042449514946005386,3.1310701189369583,0.010883025854477826,0.12486730862119401,0.017938754473044473,2.5846367033267037,169,1401,1401,0,0.0,1.2556314097148245,1.5172821500956952
43,scout_v2,340559,1570,0.042449514946005386,3.1310701189369583,0.010883025854477826,0.12486730862119401,0.017938754473044473,2.5846367033267037,171,1399,1399,0,0.543010752688172,0.8,0.8
44,raw_v2,348478,1067,0.0725697628127593,4.297246145078342,0.0032788641524454155,0.19037484214076125,0.010526392235883702,5.809424814542524,20,1047,1047,0,0.0,2.1232048109833315,2.9308149265429733
44,scout_v2,348478,1067,0.0725697628127593,4.297246145078342,0.0032788641524454155,0.19037484214076125,0.010526392235883702,5.809424814542524,20,1047,1047,0,0.08108108108108109,0.8,0.8
45,raw_v2,356397,1437,0.027092570343904485,3.113186697411848,0.01193777155047895,0.07156889992602661,0.00707295954149918,2.0901394318434896,276,1161,1161,0,0.0,1.1095706927898834,1.203130755109593
45,scout_v2,356397,1437,0.027092570343904485,3.113186697411848,0.01193777155047895,0.07156889992602661,0.00707295954149918,2.0901394318434896,274,1163,1163,0,0.5798816568047337,0.8,0.8
46,raw_v2,364316,1637,0.07727803329705982,4.174535898323525,0.005145797339135632,0.18388363259340512,0.016624421131237608,6.827678487605022,42,1595,1595,0,0.0,2.1421019693173866,3.1753457909435854
46,scout_v2,364316,1637,0.07727803329705982,4.174535898323525,0.005145797339135632,0.18388363259340512,0.016624421131237608,6.827678487605022,42,1595,1595,0,0.12987012987012986,0.8,0.8
47,raw_v2,372235,910,0.023304719761328162,4.2696616813631,0.008068413542120671,0.0730891388921793,0.00960538587389512,2.736771378305547,173,737,737,0,0.0,1.10516927644719,1.2194300901885267
47,scout_v2,372235,910,0.023304719761328162,4.2696616813631,0.008068413542120671,0.0730891388921793,0.00960538587389512,2.736771378305547,172,738,738,0,0.5959595959595959,0.8,0.8
48,raw_v2,380154,1400,0.11773980772056121,2.7084730874296445,0.01158518947479888,0.060309221870914906,0.004968075863810855,3.9461791617875335,263,1137,1137,0,0.0,1.1156933983131898,1.2700336903909202
48,scout_v2,380154,1400,0.11773980772056121,2.7084730874296445,0.01158518947479888,0.060309221870914906,0.004968075863810855,3.9461791617875335,265,1135,1135,0,0.5555555555555556,0.8,0.8
49,raw_v2,388073,924,0.050696884218357934,2.664012728114309,0.017100025088464973,0.06423070644386196,0.0021356526317041482,3.3161721213368534,172,752,752,0,0.0,1.0970808337365472,1.212272919768166
49,scout_v2,388073,924,0.050696884218357934,2.664012728114309,0.017100025088464973,0.06423070644386196,0.0021356526317041482,3.3161721213368534,174,750,750,0,0.5454545454545454,0.8,0.8
50,raw_v2,395992,1574,0.06707746346714226,3.4202757162957766,0.010274613262585813,0.07022716683185648,0.007688044234728962,5.542073479352605,276,1298,1298,0,0.0,1.112939031027937,1.3105864146059554
50,scout_v2,395992,1574,0.06707746346714226,3.4202757162957766,0.010274613262585813,0.07022716683185648,0.007688044234728962,5.542073479352605,275,1299,1299,0,0.524390243902439,0.8,0.8
51,raw_v2,403911,724,0.08021109353165883,2.0518397652247433,0.013809467874540753,0.17908138855628655,0.011929689120538958,4.967508355489474,17,707,707,0,0.0,1.3741406197250738,1.7762728956020801
51,scout_v2,403911,724,0.08021109353165883,2.0518397652247433,0.013809467874540753,0.17908138855628655,0.011929689120538958,4.967508355489474,17,707,707,0,0.0967741935483871,0.8,0.8
52,raw_v2,411830,1460,0.019068605255747127,1.3949442100259903,0.01014548594992598,0.06775099326256472,0.009012816732787957,5.175209441882448,270,1190,1190,0,0.0,1.098351056278417,1.1743605546222209
52,scout_v2,411830,1460,0.019068605255747127,1.3949442100259903,0.01014548594992598,0.06775099326256472,0.009012816732787957,5.175209441882448,270,1190,1190,0,0.5384615384615384,0.8,0.8
53,raw_v2,419749,821,0.10883992362985372,3.145732317746308,0.010201714984351039,0.15812197987983054,0.006240027946592499,4.391494082656186,52,769,769,0,0.0,1.6416701288628819,2.0279534498292575
53,scout_v2,419749,821,0.10883992362985372,3.145732317746308,0.010201714984351039,0.15812197987983054,0.006240027946592499,4.391494082656186,54,767,767,0,0.4358974358974359,0.8,0.8
54,raw_v2,427668,770,0.06783333559681172,2.08074715367146,0.005009533499535892,0.022403239820570738,0.010392624851318342,6.274771760694164,183,587,587,0,0.0,1.0226504467292348,1.059733557719146
54,scout_v2,427668,770,0.06783333559681172,2.08074715367146,0.005009533499535892,0.022403239820570738,0.010392624851318342,6.274771760694164,180,590,590,0,0.5,0.8,0.8
55,raw_v2,435587,995,0.014978511969677132,4.304773955381448,0.014015359108980148,0.08623387131707567,0.007645078683125872,6.8980462507868,162,833,833,0,0.0,1.1330046430639085,1.3106683283778089
55,scout_v2,435587,995,0.014978511969677132,4.304773955381448,0.014015359108980148,0.08623387131707567,0.007645078683125872,6.8980462507868,162,833,833,0,0.5339805825242718,0.8,0.8
56,raw_v2,443506,759,0.0386223289935769,1.2842323949910588,0.009616866133137936,0.12474796370118874,0.018294962137280126,3.355558792049494,80,679,679,0,0.0,1.2195578399872549,1.327574998261014
56,scout_v2,443506,759,0.0386223289935769,1.2842323949910588,0.009616866133137936,0.12474796370118874,0.018294962137280126,3.355558792049494,81,678,678,0,0.5054945054945055,0.8,0.8
57,raw_v2,451425,1398,0.030079105184990233,4.177162482478047,0.007441182196547949,0.11814015283954353,0.0015912191845222278,5.30892244275325,166,1232,1232,0,0.0,1.2128138965521833,1.6468350882024225
57,scout_v2,451425,1398,0.030079105184990233,4.177162482478047,0.007441182196547949,0.11814015283954353,0.0015912191845222278,5.30892244275325,167,1231,1231,0,0.5172413793103449,0.8,0.8
58,raw_v2,459344,1145,0.019129179579832296,2.5774533918767,0.017335036254608572,0.034029522042769995,0.005464145336069073,4.618705518210859,267,878,878,0,0.0,1.0331734941443034,1.0726599578329798
58,scout_v2,459344,1145,0.019129179579832296,2.5774533918767,0.017335036254608572,0.034029522042769995,0.005464145336069073,4.618705518210859,267,878,878,0,0.5210084033613446,0.8,0.8
59,raw_v2,467263,948,0.0986337440622362,2.3100747363040104,0.0021180376934160305,0.10895700357258822,0.016235623772620777,2.7522393392885345,123,825,825,0,0.0,1.244935187829078,1.4608957240235059
59,scout_v2,467263,948,0.0986337440622362,2.3100747363040104,0.0021180376934160305,0.10895700357258822,0.016235623772620777,2.7522393392885345,122,826,826,0,0.5257731958762887,0.8,0.8
60,raw_v2,475182,949,0.08254515951293769,2.161188115884495,0.0028353784974078813,0.0560692960345808,0.0003812649553849856,4.8626715120604285,193,756,756,0,0.0,1.073491849573245,1.1231569576501426
60,scout_v2,475182,949,0.08254515951293769,2.161188115884495,0.0028353784974078813,0.0560692960345808,0.0003812649553849856,4.8626715120604285,193,756,756,0,0.5566037735849056,0.8,0.8
61,raw_v2,483101,1640,0.0867327679039057,2.7355427020366174,0.0026188560032966036,0.10834291173743688,0.007188020503634254,4.385297446118502,219,1421,1421,0,0.0,1.2212193322412779,1.5529491092475483
61,scout_v2,483101,1640,0.0867327679039057,2.7355427020366174,0.0026188560032966036,0.10834291173743688,0.007188020503634254,4.385297446118502,218,1422,1422,0,0.531578947368421,0.8,0.8
62,raw_v2,491020,809,0.03180949206408789,2.5784493860621716,0.007102749036654479,0.08692212274491554,0.01126397759621753,6.408355618316413,131,678,678,0,0.0,1.1411254866756377,1.3176522685827303
62,scout_v2,491020,809,0.03180949206408789,2.5784493860621716,0.007102749036654479,0.08692212274491554,0.01126397759621753,6.408355618316413,129,680,680,0,0.524390243902439,0.8,0.8
63,raw_v2,498939,780,0.08222572297999506,2.7584750459352705,0.017743329699354406,0.1482254547157876,0.012259271113241566,4.376362307554988,53,727,727,0,0.0,1.4713046663605578,1.8734823547200865
63,scout_v2,498939,780,0.08222572297999506,2.7584750459352705,0.017743329699354406,0.1482254547157876,0.012259271113241566,4.376362307554988,53,727,727,0,0.40298507462686567,0.8,0.8
64,raw_v2,506858,958,0.010650348660646958,3.90727305673452,0.01924326969517501,0.028789854195633093,0.0013674219069981742,5.430663634014964,223,735,735,0,0.0,1.0306407230988712,1.054074671876175
64,scout_v2,506858,958,0.010650348660646958,3.90727305673452,0.01924326969517501,0.028789854195633093,0.0013674219069981742,5.430663634014964,222,736,736,0,0.4666666666666667,0.8,0.8
65,raw_v2,514777,862,0.020921200978936672,3.4764542779185614,0.018721952815119246,0.16720160084652003,0.00828009551807396,2.7768121149638123,48,814,814,0,0.0,1.3147049063571963,1.7859451045992016
65,scout_v2,514777,862,0.020921200978936672,3.4764542779185614,0.018721952815119246,0.16720160084652003,0.00828009551807396,2.7768121149638123,47,815,815,0,0.273972602739726,0.8,0.8
66,raw_v2,522696,932,0.026053856116128163,3.5446795250851544,0.00592255736145207,0.1903937628177547,0.013951255032176436,2.3850020744130145,25,907,907,0,0.0,1.4497974248887275,2.124800092071529
66,scout_v2,522696,932,0.026053856116128163,3.5446795250851544,0.00592255736145207,0.1903937628177547,0.013951255032176436,2.3850020744130145,24,908,908,0,0.13953488372093023,0.8,0.8
67,raw_v2,530615,1090,0.05048740520245281,3.1985526530269945,0.01378180047533035,0.18307656760523788,0.006368768663615936,6.951538166647125,34,1056,1056,0,0.0,1.4319925708393737,2.1866929944887943
67,scout_v2,530615,1090,0.05048740520245281,3.1985526530269945,0.01378180047533035,0.18307656760523788,0.006368768663615936,6.951538166647125,35,1055,1055,0,0.171875,0.8,0.8
68,raw_v2,538534,839,0.08861369985795065,1.9562491399683748,0.014189010769674746,0.08582823545382177,0.0018282677200089736,3.663093381312998,135,704,704,0,0.0,1.1490727057231842,1.256088035546942
68,scout_v2,538534,839,0.08861369985795065,1.9562491399683748,0.014189010769674746,0.08582823545382177,0.0018282677200089736,3.663093381312998,135,704,704,0,0.5402298850574713,0.8,0.8
69,raw_v2,546453,1343,0.08783015901187316,3.992316751915854,0.0018596227859272907,0.08168282016591003,0.019870855576198283,5.138337552037795,220,1123,1123,0,0.0,1.2879671408342777,1.6402033801592655
69,scout_v2,546453,1343,0.08783015901187316,3.992316751915854,0.0018596227859272907,0.08168282016591003,0.019870855576198283,5.138337552037795,219,1124,1124,0,0.5244755244755245,0.8,0.8
70,raw_v2,554372,1556,0.05444739114187729,2.84579985245092,0.015995696283130828,0.11453739423625046,0.007443736706944668,4.372621037115367,198,1358,1358,0,0.0,1.2342154923333089,1.6319241234159227
70,scout_v2,554372,1556,0.05444739114187729,2.84579985245092,0.015995696283130828,0.11453739423625046,0.007443736706944668,4.372621037115367,199,1357,1357,0,0.5752688172043011,0.8,0.8
71,raw_v2,562291,1041,0.012716441558610235,1.924490909902608,0.01942215762668582,0.06449496474929692,0.006774297702477823,4.8475632392103485,198,843,843,0,0.0,1.0915445482815367,1.139210400209089
71,scout_v2,562291,1041,0.012716441558610235,1.924490909902608,0.01942215762668582,0.06449496474929692,0.006774297702477823,4.8475632392103485,200,841,841,0,0.5555555555555556,0.8,0.8
72,raw_v2,570210,786,0.08316330177785533,1.7005975985873327,0.011613729534169582,0.055109067247317414,0.00826200469702788,4.715489933649638,159,627,627,0,0.0,1.0742894169820105,1.131427929506229
72,scout_v2,570210,786,0.08316330177785533,1.7005975985873327,0.011613729534169582,0.055109067247317414,0.00826200469702788,4.715489933649638,159,627,627,0,0.5714285714285714,0.8,0.8
73,raw_v2,578129,1027,0.05895344486553894,3.5651567471243126,0.0035781826995687927,0.047353908202611,0.013783924083454809,5.601625192635266,217,810,810,0,0.0,1.0779205682150261,1.275428655258914
73,scout_v2,578129,1027,0.05895344486553894,3.5651567471243126,0.0035781826995687927,0.047353908202611,0.013783924083454809,5.601625192635266,216,811,811,0,0.5092592592592593,0.8,0.8
74,raw_v2,586048,1570,0.04704967393530108,1.792859564465508,0.010578363653426097,0.053092910273939295,0.015230162001631043,4.302132364916247,329,1241,1241,0,0.0,1.0790779320905768,1.1321080722081487
74,scout_v2,586048,1570,0.04704967393530108,1.792859564465508,0.010578363653426097,0.053092910273939295,0.015230162001631043,4.302132364916247,332,1238,1238,0,0.569060773480663,0.8,0.8
75,raw_v2,593967,1503,0.08599406036874174,3.569270813397777,0.0005053458611973105,0.06586970446208656,0.015625772609277454,3.385739670144266,264,1239,1239,0,0.0,1.1092952642003204,1.4096083194508537
75,scout_v2,593967,1503,0.08599406036874174,3.569270813397777,0.0005053458611973105,0.06586970446208656,0.015625772609277454,3.385739670144266,262,1241,1241,0,0.4861111111111111,0.8,0.8
76,raw_v2,601886,1527,0.03835559253066748,4.253839764287559,0.010167308033790647,0.13927197866461485,0.0003908045617464473,6.8310425868874045,136,1391,1391,0,0.0,1.3099701294134296,2.04736022098581
76,scout_v2,601886,1527,0.03835559253066748,4.253839764287559,0.010167308033790647,0.13927197866461485,0.0003908045617464473,6.8310425868874045,135,1392,1392,0,0.44047619047619047,0.8,0.8
77,raw_v2,609805,1703,0.06546514367112023,2.5238379137044182,0.015526590564261403,0.10157663838125304,0.0056563282001559625,6.294399517250511,249,1454,1454,0,0.0,1.1929789109690427,1.4553679938989865
77,scout_v2,609805,1703,0.06546514367112023,2.5238379137044182,0.015526590564261403,0.10157663838125304,0.0056563282001559625,6.294399517250511,250,1453,1453,0,0.587378640776699,0.8,0.8
78,raw_v2,617724,1650,0.05786426109426913,1.686666473256692,0.0031364789945246318,0.14842945030885138,0.009360078803092229,6.761749938881864,122,1528,1528,0,0.0,1.279796757517692,1.4758823107850216
78,scout_v2,617724,1650,0.05786426109426913,1.686666473256692,0.0031364789945246318,0.14842945030885138,0.009360078803092229,6.761749938881864,121,1529,1529,0,0.391812865497076,0.8,0.8
79,raw_v2,625643,1140,0.07211434911343716,2.8075263373359727,0.01050077493972359,0.11885668640653321,0.015650026479691406,6.104499020606483,138,1002,1002,0,0.0,1.2570183654686717,1.6041231371535123
79,scout_v2,625643,1140,0.07211434911343716,2.8075263373359727,0.01050077493972359,0.11885668640653321,0.015650026479691406,6.104499020606483,139,1001,1001,0,0.5611510791366906,0.8,0.8
80,raw_v2,633562,1352,0.09527882811098116,4.15112864210303,0.015234290375544928,0.11193325873614761,0.006471733972862384,2.0593044567442065,164,1188,1188,0,0.0,1.3968793011071217,1.8078853777982564
80,scout_v2,633562,1352,0.09527882811098116,4.15112864210303,0.015234290375544928,0.11193325873614761,0.006471733972862384,2.0593044567442065,164,1188,1188,0,0.5393939393939394,0.8,0.8
81,raw_v2,641481,913,0.09651609229819351,2.0790335189250992,0.014510343292219927,0.0802818820170924,0.00995883236474735,4.530071584848034,150,763,763,0,0.0,1.1474641582636087,1.2839188563748531
81,scout_v2,641481,913,0.09651609229819351,2.0790335189250992,0.014510343292219927,0.0802818820170924,0.00995883236474735,4.530071584848034,149,764,764,0,0.5188679245283019,0.8,0.8
82,raw_v2,649400,937,0.08550306670439352,2.0345453150702584,0.0058345937473710755,0.1738948703621488,0.01503816724654311,2.3107668552206366,29,908,908,0,0.0,1.3944371982680321,1.6180995274645347
82,scout_v2,649400,937,0.08550306670439352,2.0345453150702584,0.0058345937473710755,0.1738948703621488,0.01503816724654311,2.3107668552206366,29,908,908,0,0.20408163265306123,0.8,0.8
83,raw_v2,657319,915,0.027980215083675798,3.447219971198632,0.017984431570834812,0.11738543521406204,0.008892930540712074,3.334461801138058,112,803,803,0,0.0,1.2159720283655981,1.363512777925048
83,scout_v2,657319,915,0.027980215083675798,3.447219971198632,0.017984431570834812,0.11738543521406204,0.008892930540712074,3.334461801138058,114,801,801,0,0.5619047619047619,0.8,0.8
84,raw_v2,665238,1027,0.09665458194707088,1.7829221347015407,0.0014957308146611647,0.03901307457395345,0.016628932284079467,5.109794107306946,226,801,801,0,0.0,1.0499567580490485,1.1018834861882716
84,scout_v2,665238,1027,0.09665458194707088,1.7829221347015407,0.0014957308146611647,0.03901307457395345,0.016628932284079467,5.109794107306946,224,803,803,0,0.5,0.8,0.8
85,raw_v2,673157,1584,0.06378990753029265,3.6576520778776374,0.008211038049412683,0.029916282912769727,0.019692635761682037,5.531168417183759,357,1227,1227,0,0.0,1.0382942309759393,1.1407390515043578
85,scout_v2,673157,1584,0.06378990753029265,3.6576520778776374,0.008211038049412683,0.029916282912769727,0.019692635761682037,5.531168417183759,359,1225,1225,0,0.5031847133757962,0.8,0.8
86,raw_v2,681076,1482,0.11039171344057754,3.875508288340102,0.01433583377263855,0.03128898557791877,0.008493413971353373,5.21897492091815,320,1162,1162,0,0.0,1.0451723952355167,1.1715670361865114
86,scout_v2,681076,1482,0.11039171344057754,3.875508288340102,0.01433583377263855,0.03128898557791877,0.008493413971353373,5.21897492091815,321,1161,1161,0,0.5283018867924528,0.8,0.8
87,raw_v2,688995,1063,0.0587108047616615,2.451154724232726,0.003157950487323944,0.16103374273185725,0.018346435485756336,3.3871970826385835,78,985,985,0,0.0,1.3718198312681364,1.767963654689085
87,scout_v2,688995,1063,0.0587108047616615,2.451154724232726,0.003157950487323944,0.16103374273185725,0.018346435485756336,3.3871970826385835,78,985,985,0,0.3949579831932773,0.8,0.8
88,raw_v2,696914,1711,0.11173361364590946,4.181287362198661,0.016362497209343428,0.14112441179128754,0.009096224333363696,4.434361513556532,139,1572,1572,0,0.0,1.798966608349761,2.2986488558503737
88,scout_v2,696914,1711,0.11173361364590946,4.181287362198661,0.016362497209343428,0.14112441179128754,0.009096224333363696,4.434361513556532,139,1572,1572,0,0.42934782608695654,0.8,0.8
89,raw_v2,704833,729,0.10857027502566113,4.195063896022907,0.0181929508946474,0.08570362646144765,0.007710003189199772,5.970741197694398,106,623,623,0,0.0,1.358048936844484,1.7808936898597976
89,scout_v2,704833,729,0.10857027502566113,4.195063896022907,0.0181929508946474,0.08570362646144765,0.007710003189199772,5.970741197694398,107,622,622,0,0.5076923076923077,0.8,0.8
90,raw_v2,712752,1476,0.06585579041121142,3.187107626569593,0.01647116514836629,0.03668138005903985,0.005534477548711618,5.670169795035655,324,1152,1152,0,0.0,1.045450248814315,1.0994428770688418
90,scout_v2,712752,1476,0.06585579041121142,3.187107626569593,0.01647116514836629,0.03668138005903985,0.005534477548711618,5.670169795035655,324,1152,1152,0,0.5214723926380368,0.8,0.8
91,raw_v2,720671,1398,0.11126611346589507,2.0399008893863417,0.0030076948699505413,0.09288106556931829,0.0017886309415521319,6.3565339360167785,207,1191,1191,0,0.0,1.1562266931787752,1.2895280291559423
91,scout_v2,720671,1398,0.11126611346589507,2.0399008893863417,0.0030076948699505413,0.09288106556931829,0.0017886309415521319,6.3565339360167785,206,1192,1192,0,0.5228758169934641,0.8,0.8
92,raw_v2,728590,1754,0.11947036529057156,4.1174920241874045,0.008191470845194053,0.14337229845934524,0.018684063033022273,6.765948205480707,143,1611,1611,0,0.0,1.8938091623987754,2.5072628193550077
92,scout_v2,728590,1754,0.11947036529057156,4.1174920241874045,0.008191470845194053,0.14337229845934524,0.018684063033022273,6.765948205480707,141,1613,1613,0,0.39896373056994816,0.8,0.8
93,raw_v2,736509,1441,0.09970419176617423,3.267656564275656,0.0004535102395993063,0.10794086684824374,0.00852056944994271,3.4318109350752413,185,1256,1256,0,0.0,1.2778101010026983,1.6126849532699983
93,scout_v2,736509,1441,0.09970419176617423,3.267656564275656,0.0004535102395993063,0.10794086684824374,0.00852056944994271,3.4318109350752413,185,1256,1256,0,0.509090909090909,0.8,0.8
94,raw_v2,744428,1727,0.11777149355670904,3.643156833708712,0.014090612717482973,0.1318739051538575,0.004748528184892063,4.5793812197331505,168,1559,1559,0,0.0,1.640760747470654,2.0152961590220837
94,scout_v2,744428,1727,0.11777149355670904,3.643156833708712,0.014090612717482973,0.1318739051538575,0.004748528184892063,4.5793812197331505,168,1559,1559,0,0.5230769230769231,0.8,0.8
95,raw_v2,752347,1488,0.03104624938419421,3.1403497366908315,0.00915493225671028,0.08356297440511719,0.005307514148968826,3.691820674185545,251,1237,1237,0,0.0,1.138504670042221,1.354183995024691
95,scout_v2,752347,1488,0.03104624938419421,3.1403497366908315,0.00915493225671028,0.08356297440511719,0.005307514148968826,3.691820674185545,252,1236,1236,0,0.5759493670886076,0.8,0.8
96,raw_v2,760266,791,0.11560906193871189,2.599610374791869,0.007490325562862987,0.17331220075628256,0.0030287306545892425,4.289155794528684,33,758,758,0,0.0,1.5157057132788476,1.8993399175138508
96,scout_v2,760266,791,0.11560906193871189,2.599610374791869,0.007490325562862987,0.17331220075628256,0.0030287306545892425,4.289155794528684,32,759,759,0,0.22807017543859648,0.8,0.8
97,raw_v2,768185,758,0.09682851792693674,1.8456667208187572,0.002009501931905233,0.19700902099245562,0.0033874857524816048,3.797781260265481,17,741,741,0,0.0,1.4785841236578285,1.83040613582097
97,scout_v2,768185,758,0.09682851792693674,1.8456667208187572,0.002009501931905233,0.19700902099245562,0.0033874857524816048,3.797781260265481,17,741,741,0,0.09090909090909091,0.8,0.8
98,raw_v2,776104,710,0.024118005111772915,4.266466618958177,0.010172406790803943,0.09066488829244204,0.019755924918192776,6.296800376618327,119,591,591,0,0.0,1.2055874237004938,1.7997878099651512
98,scout_v2,776104,710,0.024118005111772915,4.266466618958177,0.010172406790803943,0.09066488829244204,0.019755924918192776,6.296800376618327,121,589,589,0,0.5697674418604651,0.8,0.8
99,raw_v2,784023,883,0.11796004334769276,4.002230568126722,0.017261674375415675,0.1651288556497015,0.007175327565669774,2.264490634482686,40,843,843,0,0.0,1.8256200217220586,2.2782225457530725
99,scout_v2,784023,883,0.11796004334769276,4.002230568126722,0.017261674375415675,0.1651288556497015,0.007175327565669774,2.264490634482686,40,843,843,0,0.27692307692307694,0.8,0.8
100,raw_v2,791942,1358,0.03451491415200121,2.2987486779014636,0.013256796542057839,0.0633174856866326,0.004853739175282763,2.5999694852874753,268,1090,1090,0,0.0,1.0929168535011637,1.1730318911176627
100,scout_v2,791942,1358,0.03451491415200121,2.2987486779014636,0.013256796542057839,0.0633174856866326,0.004853739175282763,2.5999694852874753,271,1087,1087,0,0.543046357615894,0.8,0.8
101,raw_v2,799861,1541,0.06730515644149543,2.027829918406672,0.003690480919763788,0.15046850310545837,0.003153238358543602,4.170542898252916,117,1424,1424,0,0.0,1.309672126274315,1.4766598871644654
101,scout_v2,799861,1541,0.06730515644149543,2.027829918406672,0.003690480919763788,0.15046850310545837,0.003153238358543602,4.170542898252916,117,1424,1424,0,0.38953488372093026,0.8,0.8
102,raw_v2,807780,1315,0.10230616317838459,2.3322445167744905,0.0033229778383266507,0.18210042852048705,0.014284818603189198,2.0507134966192964,44,1271,1271,0,0.0,1.452869516961713,1.831522432873693
102,scout_v2,807780,1315,0.10230616317838459,2.3322445167744905,0.0033229778383266507,0.18210042852048705,0.014284818603189198,2.0507134966192964,44,1271,1271,0,0.16883116883116883,0.8,0.8
103,raw_v2,815699,1292,0.11042985491387236,1.9792664834323601,0.011325530836512377,0.17761434808001034,0.008254772494938618,3.4940048171862714,42,1250,1250,0,0.0,1.4561402827201142,1.8143983182041463
103,scout_v2,815699,1292,0.11042985491387236,1.9792664834323601,0.011325530836512377,0.17761434808001034,0.008254772494938618,3.4940048171862714,42,1250,1250,0,0.2608695652173913,0.8,0.8
104,raw_v2,823618,1474,0.08421601802179114,3.9540125982539776,0.015162954733944056,0.181879282558204,0.015173250745707958,5.083412993000419,53,1421,1421,0,0.0,2.0393047182987374,2.5971809164881883
104,scout_v2,823618,1474,0.08421601802179114,3.9540125982539776,0.015162954733944056,0.181879282558204,0.015173250745707958,5.083412993000419,52,1422,1422,0,0.20652173913043478,0.8,0.8
105,raw_v2,831537,976,0.08020532890593901,2.0844473289182797,0.010186335186258798,0.18159825263312263,0.015409825557050826,3.077493765672845,33,943,943,0,0.0,1.4172401611208083,1.6487869829988417
105,scout_v2,831537,976,0.08020532890593901,2.0844473289182797,0.010186335186258798,0.18159825263312263,0.015409825557050826,3.077493765672845,33,943,943,0,0.21052631578947367,0.8,0.8
106,raw_v2,839456,841,0.0658538158267756,3.229985770057703,0.004922583319884699,0.09749278902659936,0.019753047921225623,4.40412607550433,126,715,715,0,0.0,1.2099065036425172,1.6060910300610984
106,scout_v2,839456,841,0.0658538158267756,3.229985770057703,0.004922583319884699,0.09749278902659936,0.019753047921225623,4.40412607550433,125,716,716,0,0.5267857142857143,0.8,0.8
107,raw_v2,847375,1282,0.03574399928961209,1.3825821377586136,0.00014596104894111451,0.10009204876425848,0.018608048386876967,6.855059479842454,190,1092,1092,0,0.0,1.1728634046834925,1.9518579060489776
107,scout_v2,847375,1282,0.03574399928961209,1.3825821377586136,0.00014596104894111451,0.10009204876425848,0.018608048386876967,6.855059479842454,191,1091,1091,0,0.5733333333333334,0.8,0.8
108,raw_v2,855294,1210,0.01232189506067157,2.607761092673491,0.01693495760250643,0.16538160808706112,0.01727042608640576,4.125457025703492,63,1147,1147,0,0.0,1.3251177349168664,1.8124744707127962
108,scout_v2,855294,1210,0.01232189506067157,2.607761092673491,0.01693495760250643,0.16538160808706112,0.01727042608640576,4.125457025703492,64,1146,1146,0,0.3645833333333333,0.8,0.8
109,raw_v2,863213,1704,0.05980740666475614,1.350604883514125,0.004908660865495518,0.08820919386683203,0.019584009492171282,4.854891089755796,280,1424,1424,0,0.0,1.1472368279258902,1.3479738625020143
109,scout_v2,863213,1704,0.05980740666475614,1.350604883514125,0.004908660865495518,0.08820919386683203,0.019584009492171282,4.854891089755796,280,1424,1424,0,0.5670103092783505,0.8,0.8
110,raw_v2,871132,935,0.019329211047830076,3.1068255518214762,0.005781987256636352,0.09995743651133993,0.015203138708013802,5.791091341080611,134,801,801,0,0.0,1.1750356344867536,1.496499638867999
110,scout_v2,871132,935,0.019329211047830076,3.1068255518214762,0.005781987256636352,0.09995743651133993,0.015203138708013802,5.791091341080611,134,801,801,0,0.5188679245283019,0.8,0.8
111,raw_v2,879051,1105,0.023108752952399482,1.7003605140514328,0.008653414740715095,0.17174222126284114,0.0048666496361537545,2.993986088004506,50,1055,1055,0,0.0,1.323006446752833,1.466204763877334
111,scout_v2,879051,1105,0.023108752952399482,1.7003605140514328,0.008653414740715095,0.17174222126284114,0.0048666496361537545,2.993986088004506,48,1057,1057,0,0.19480519480519481,0.8,0.8
112,raw_v2,886970,926,0.10661494706020301,4.373092273696793,0.015280887752564205,0.1737493021835077,0.010653291875952091,4.085577929756026,48,878,878,0,0.0,2.034268299806132,2.524586164685509
112,scout_v2,886970,926,0.10661494706020301,4.373092273696793,0.015280887752564205,0.1737493021835077,0.010653291875952091,4.085577929756026,46,880,880,0,0.2857142857142857,0.8,0.8
113,raw_v2,894889,842,0.08392382131081698,1.7502808139469233,0.005493395544733657,0.02032174804756096,0.01988543453763381,4.5767922835738535,202,640,640,0,0.0,1.0192254536358443,1.0361770783578654
113,scout_v2,894889,842,0.08392382131081698,1.7502808139469233,0.005493395544733657,0.02032174804756096,0.01988543453763381,4.5767922835738535,201,641,641,0,0.48148148148148145,0.8,0.8
114,raw_v2,902808,973,0.06821642067990355,4.325580430420393,0.004563701271052454,0.0533641666077426,0.002615127662987331,2.12388184103129,194,779,779,0,0.0,1.072961365282414,1.249982422554095
114,scout_v2,902808,973,0.06821642067990355,4.325580430420393,0.004563701271052454,0.0533641666077426,0.002615127662987331,2.12388184103129,192,781,781,0,0.52,0.8,0.8
115,raw_v2,910727,1570,0.018089610009181797,3.764029288359618,0.006588279126282355,0.08784488329940057,0.0031029476910966005,5.542058185723368,263,1307,1307,0,0.0,1.1442743601288476,1.2808283119438386
115,scout_v2,910727,1570,0.018089610009181797,3.764029288359618,0.006588279126282355,0.08784488329940057,0.0031029476910966005,5.542058185723368,265,1305,1305,0,0.5828571428571429,0.8,0.8
116,raw_v2,918646,1080,0.0777375071901187,4.038290570589631,0.0181888226953384,0.1866564046362914,0.01919346668845007,3.2414595638425436,33,1047,1047,0,0.0,2.001457611043814,2.6604241750593673
116,scout_v2,918646,1080,0.0777375071901187,4.038290570589631,0.0181888226953384,0.1866564046362914,0.01919346668845007,3.2414595638425436,33,1047,1047,0,0.14516129032258066,0.8,0.8
117,raw_v2,926565,1722,0.03296919072674371,3.968629461445847,0.008617827094948212,0.15573766081211451,0.0012116310996682623,4.414039281379605,111,1611,1611,0,0.0,1.303521293936134,1.8270128433684567
117,scout_v2,926565,1722,0.03296919072674371,3.968629461445847,0.008617827094948212,0.15573766081211451,0.0012116310996682623,4.414039281379605,108,1614,1614,0,0.40131578947368424,0.8,0.8
118,raw_v2,934484,1785,0.11870469888269558,3.6844335575363987,0.0036186703496531927,0.10928271912318954,0.0017014525029820416,3.9928416426887785,221,1564,1564,0,0.0,1.4764294011812278,1.7891061636030077
118,scout_v2,934484,1785,0.11870469888269558,3.6844335575363987,0.0036186703496531927,0.10928271912318954,0.0017014525029820416,3.9928416426887785,219,1566,1566,0,0.5235602094240838,0.8,0.8
119,raw_v2,942403,982,0.04868836806232909,4.182172104381135,0.001628860844874407,0.13513000677818116,0.006765080588894641,6.941541082707788,100,882,882,0,0.0,1.3335966674168334,2.010179959595469
119,scout_v2,942403,982,0.04868836806232909,4.182172104381135,0.001628860844874407,0.13513000677818116,0.006765080588894641,6.941541082707788,100,882,882,0,0.543859649122807,0.8,0.8
120,raw_v2,950322,1543,0.10301021003963745,3.746704779244104,0.012659556160888796,0.024372942592592123,0.013225673947140715,4.876411407681247,355,1188,1188,0,0.0,1.031328256304861,1.0920107533097112
120,scout_v2,950322,1543,0.10301021003963745,3.746704779244104,0.012659556160888796,0.024372942592592123,0.013225673947140715,4.876411407681247,356,1187,1187,0,0.5131578947368421,0.8,0.8
121,raw_v2,958241,813,0.04675652033212581,1.6714260784771622,0.011730973500586517,0.16160512267106245,0.013330943794509276,4.5192801417328266,48,765,765,0,0.0,1.3296091608290457,1.8791376523650827
121,scout_v2,958241,813,0.04675652033212581,1.6714260784771622,0.011730973500586517,0.16160512267106245,0.013330943794509276,4.5192801417328266,48,765,765,0,0.4084507042253521,0.8,0.8
122,raw_v2,966160,1225,0.02762029234284872,1.9508126903141516,0.01520685542211517,0.021758239799414093,0.015381445031582903,4.042212181792469,298,927,927,0,0.0,1.0171744059941275,1.0413299011488786
122,scout_v2,966160,1225,0.02762029234284872,1.9508126903141516,0.01520685542211517,0.021758239799414093,0.015381445031582903,4.042212181792469,297,928,928,0,0.48739495798319327,0.8,0.8
123,raw_v2,974079,1042,0.09363319133605782,2.6246260786239386,0.006396784870528587,0.1422575320384737,0.010001774503566508,5.408963183679338,80,962,962,0,0.0,1.3686239063453154,2.0884813238882853
123,scout_v2,974079,1042,0.09363319133605782,2.6246260786239386,0.006396784870528587,0.1422575320384737,0.010001774503566508,5.408963183679338,80,962,962,0,0.36666666666666664,0.8,0.8
124,raw_v2,981998,963,0.017026013899693014,2.2380407022503377,0.011619312552184551,0.05176185614722782,0.00406972098913305,5.012961087304531,199,764,764,0,0.0,1.0696495520790366,1.131440894630507
124,scout_v2,981998,963,0.017026013899693014,2.2380407022503377,0.011619312552184551,0.05176185614722782,0.00406972098913305,5.012961087304531,198,765,765,0,0.5306122448979592,0.8,0.8
125,raw_v2,989917,776,0.06350298863977714,2.08270318872248,0.01786477196364642,0.17076838815489215,0.004642512746577461,2.4615824721337125,38,738,738,0,0.0,1.3794473518003034,1.595042374384239
125,scout_v2,989917,776,0.06350298863977714,2.08270318872248,0.01786477196364642,0.17076838815489215,0.004642512746577461,2.4615824721337125,37,739,739,0,0.25,0.8,0.8
126,raw_v2,997836,1195,0.10030152502075411,1.4559147437828408,0.019242728033265356,0.15039964992840768,0.003802675461207554,2.2897544544969177,88,1107,1107,0,0.0,1.2742859464947127,1.392526991182288
126,scout_v2,997836,1195,0.10030152502075411,1.4559147437828408,0.019242728033265356,0.15039964992840768,0.003802675461207554,2.2897544544969177,89,1106,1106,0,0.4435483870967742,0.8,0.8
127,raw_v2,1005755,1054,0.06262242766775931,3.6178131703870626,0.01303499112428023,0.12234810906143898,0.011151067772882965,2.6283105795631725,126,928,928,0,0.0,1.3461064987079516,1.7389753972005741
127,scout_v2,1005755,1054,0.06262242766775931,3.6178131703870626,0.01303499112428023,0.12234810906143898,0.011151067772882965,2.6283105795631725,125,929,929,0,0.49612403100775193,0.8,0.8
128,raw_v2,1013674,748,0.08374036204602393,3.2629042893252924,0.005161594675513761,0.03859452058941453,0.018916722087720862,5.141437440458503,162,586,586,0,0.0,1.0557954123723197,1.1599138630992207
128,scout_v2,1013674,748,0.08374036204602393,3.2629042893252924,0.005161594675513761,0.03859452058941453,0.018916722087720862,5.141437440458503,162,586,586,0,0.5180722891566265,0.8,0.8
129,raw_v2,1021593,892,0.08317111914179262,3.3000851384208243,0.013540257364088282,0.18059514558812192,0.016180066763745452,6.29995283383758,22,870,870,0,0.0,1.7852761297141602,2.8531112872454427
129,scout_v2,1021593,892,0.08317111914179262,3.3000851384208243,0.013540257364088282,0.18059514558812192,0.016180066763745452,6.29995283383758,22,870,870,0,0.125,0.8,0.8
130,raw_v2,1029512,1666,0.11443322654626933,4.101087093338663,0.011786519950116823,0.05378574129322573,0.006347233071873549,6.124967808788952,315,1351,1351,0,0.0,1.1270222195585988,1.365486172338208
130,scout_v2,1029512,1666,0.11443322654626933,4.101087093338663,0.011786519950116823,0.05378574129322573,0.006347233071873549,6.124967808788952,315,1351,1351,0,0.5170454545454546,0.8,0.8
131,raw_v2,1037431,1545,0.10840277604684058,3.326361744400711,0.0035954801290186554,0.027492417602429618,0.007248779571669617,3.0232698451661584,356,1189,1189,0,0.0,1.0332751631762813,1.121975714785838
131,scout_v2,1037431,1545,0.10840277604684058,3.326361744400711,0.0035954801290186554,0.027492417602429618,0.007248779571669617,3.0232698451661584,353,1192,1192,0,0.5277777777777778,0.8,0.8
132,raw_v2,1045350,1717,0.014458537314967976,3.6349627135664893,0.009607559334119617,0.1110219156772349,0.008885795632089495,5.235660807009735,233,1484,1484,0,0.0,1.194291580723359,1.4834926491495326
132,scout_v2,1045350,1717,0.014458537314967976,3.6349627135664893,0.009607559334119617,0.1110219156772349,0.008885795632089495,5.235660807009735,233,1484,1484,0,0.5636363636363636,0.8,0.8
133,raw_v2,1053269,1120,0.021878046679650428,4.112128996234859,0.00738629738775215,0.022408772792398342,0.005267995562326313,4.54383864650149,264,856,856,0,0.0,1.0149544907545491,1.0390684705403255
133,scout_v2,1053269,1120,0.021878046679650428,4.112128996234859,0.00738629738775215,0.022408772792398342,0.005267995562326313,4.54383864650149,266,854,854,0,0.47572815533980584,0.8,0.8
134,raw_v2,1061188,1054,0.1194244885211398,3.889633055394328,0.016429894200140377,0.02010414036603262,0.005375649475932993,6.189742523811264,245,809,809,0,0.0,1.018150425227126,1.0844579278590487
134,scout_v2,1061188,1054,0.1194244885211398,3.889633055394328,0.016429894200140377,0.02010414036603262,0.005375649475932993,6.189742523811264,243,811,811,0,0.5145631067961165,0.8,0.8
135,raw_v2,1069107,1450,0.05675769703414168,3.170768297896351,0.004067444395400217,0.1828578979194156,0.008031252300977657,5.961812375790064,45,1405,1405,0,0.0,1.4796615915804772,2.371958853068386
135,scout_v2,1069107,1450,0.05675769703414168,3.170768297896351,0.004067444395400217,0.1828578979194156,0.008031252300977657,5.961812375790064,45,1405,1405,0,0.19736842105263158,0.8,0.8
136,raw_v2,1077026,1372,0.03503906096241408,4.177402138940501,0.016783603759303586,0.04513632411113272,0.007539722279915824,4.238942005395208,286,1086,1086,0,0.0,1.0650415965380104,1.2071990121223084
136,scout_v2,1077026,1372,0.03503906096241408,4.177402138940501,0.016783603759303586,0.04513632411113272,0.007539722279915824,4.238942005395208,285,1087,1087,0,0.5174825174825175,0.8,0.8
137,raw_v2,1084945,742,0.035529112741065474,4.219198664889336,0.011666187031940214,0.033348633366308375,0.001277778391529061,5.19167384650865,163,579,579,0,0.0,1.0366435808762053,1.113039976061586
137,scout_v2,1084945,742,0.035529112741065474,4.219198664889336,0.011666187031940214,0.033348633366308375,0.001277778391529061,5.19167384650865,164,578,578,0,0.5308641975308642,0.8,0.8
138,raw_v2,1092864,1089,0.08555016150280635,4.148996635690066,0.014543278854364912,0.0684021589038846,0.01579162292682177,2.9397931613581845,188,901,901,0,0.0,1.1432742368591724,1.4607107127538699
138,scout_v2,1092864,1089,0.08555016150280635,4.148996635690066,0.014543278854364912,0.0684021589038846,0.01579162292682177,2.9397931613581845,190,899,899,0,0.5137614678899083,0.8,0.8
139,raw_v2,1100783,1406,0.02357050818176263,4.386212236132051,0.015650611057468268,0.14652762046271478,0.012445479878615167,3.281433538337753,110,1296,1296,0,0.0,1.3299309656150453,2.0340828025125584
139,scout_v2,1100783,1406,0.02357050818176263,4.386212236132051,0.015650611057468268,0.14652762046271478,0.012445479878615167,3.281433538337753,110,1296,1296,0,0.43703703703703706,0.8,0.8
140,raw_v2,1108702,1061,0.054231600618803937,4.408760823445446,0.018674209172180198,0.045875131137373154,0.00508188493633629,3.3859387535431553,224,837,837,0,0.0,1.066247910117919,1.2556486205436985
140,scout_v2,1108702,1061,0.054231600618803937,4.408760823445446,0.018674209172180198,0.045875131137373154,0.00508188493633629,3.3859387535431553,224,837,837,0,0.5495495495495496,0.8,0.8
141,raw_v2,1116621,993,0.01190618496263825,4.117160575974761,0.007089112333583794,0.12208293178457806,0.015388782950219424,2.114338680602628,120,873,873,0,0.0,1.2220438238707623,1.3508330606387189
141,scout_v2,1116621,993,0.01190618496263825,4.117160575974761,0.007089112333583794,0.12208293178457806,0.015388782950219424,2.114338680602628,120,873,873,0,0.5378151260504201,0.8,0.8
142,raw_v2,1124540,1770,0.07841410534254684,3.2669200779860033,0.0025482748821864434,0.15209217310547932,0.00418013132372602,6.898822567351298,126,1644,1644,0,0.0,1.4411909953777973,2.1283979756178124
142,scout_v2,1124540,1770,0.07841410534254684,3.2669200779860033,0.0025482748821864434,0.15209217310547932,0.00418013132372602,6.898822567351298,124,1646,1646,0,0.3651685393258427,0.8,0.8
143,raw_v2,1132459,1220,0.0679273827133449,3.0884233947326725,0.005358976402484477,0.021059695660275407,0.01657337842830527,6.734592803825627,288,932,932,0,0.0,1.0207324816060779,1.0473001880108757
143,scout_v2,1132459,1220,0.0679273827133449,3.0884233947326725,0.005358976402484477,0.021059695660275407,0.01657337842830527,6.734592803825627,286,934,934,0,0.475,0.8,0.8
144,raw_v2,1140378,1624,0.047767900279890994,4.016728263568718,0.019243563172676528,0.17331641056971347,0.008679796375802023,5.6202721771478235,69,1555,1555,0,0.0,1.471970258834646,2.3288491387098063
144,scout_v2,1140378,1624,0.047767900279890994,4.016728263568718,0.019243563172676528,0.17331641056971347,0.008679796375802023,5.6202721771478235,69,1555,1555,0,0.2608695652173913,0.8,0.8
145,raw_v2,1148297,732,0.04256373798653694,2.292166962938638,0.015768695086676915,0.1661446948734354,0.013438480367295837,4.549846256562452,41,691,691,0,0.0,1.3546059168719413,2.175776314882744
145,scout_v2,1148297,732,0.04256373798653694,2.292166962938638,0.015768695086676915,0.1661446948734354,0.013438480367295837,4.549846256562452,41,691,691,0,0.3333333333333333,0.8,0.8
146,raw_v2,1156216,1670,0.07736724625629313,1.2618083239561928,0.002960028530008081,0.18152073441916852,0.0171528604562835,6.602552677039319,57,1613,1613,0,0.0,1.346810446175211,2.824635529331349
146,scout_v2,1156216,1670,0.07736724625629313,1.2618083239561928,0.002960028530008081,0.18152073441916852,0.0171528604562835,6.602552677039319,54,1616,1616,0,0.1958762886597938,0.8,0.8
147,raw_v2,1164135,1184,0.03953534330314367,2.3403369723352316,0.011200908050611066,0.1046760856884796,0.011422193136807146,5.109427030471714,163,1021,1021,0,0.0,1.2011346647565073,1.4219796661783852
147,scout_v2,1164135,1184,0.03953534330314367,2.3403369723352316,0.011200908050611066,0.1046760856884796,0.011422193136807146,5.109427030471714,159,1025,1025,0,0.5174825174825175,0.8,0.8
148,raw_v2,1172054,894,0.10770074265624882,2.9098331533715194,0.009936066539719126,0.1255996212560327,0.007726636532135934,3.996762860540913,104,790,790,0,0.0,1.3450067166686595,1.6699482230817049
148,scout_v2,1172054,894,0.10770074265624882,2.9098331533715194,0.009936066539719126,0.1255996212560327,0.007726636532135934,3.996762860540913,103,791,791,0,0.5648148148148148,0.8,0.8
149,raw_v2,1179973,1157,0.030599027637614955,3.0248083973644304,0.005985474650113351,0.16324642912117573,0.0073656712680980905,5.551452125156997,61,1096,1096,0,0.0,1.3724644396588466,2.080299691788931
149,scout_v2,1179973,1157,0.030599027637614955,3.0248083973644304,0.005985474650113351,0.16324642912117573,0.0073656712680980905,5.551452125156997,61,1096,1096,0,0.3617021276595745,0.8,0.8
150,raw_v2,1187892,1175,0.023476616240371482,3.785602243333461,0.013981311670069371,0.07688976339598601,0.01728060511482532,3.5602448552504127,205,970,970,0,0.0,1.1262769532983987,1.323173226680666
150,scout_v2,1187892,1175,0.023476616240371482,3.785602243333461,0.013981311670069371,0.07688976339598601,0.01728060511482532,3.5602448552504127,203,972,972,0,0.5409836065573771,0.8,0.8
151,raw_v2,1195811,1202,0.016104703219555934,3.9504034498566574,0.0038905624980614365,0.16616024304084467,0.01886161302795379,3.3280226191147038,77,1125,1125,0,0.0,1.3310965911242028,1.8578318773427367
151,scout_v2,1195811,1202,0.016104703219555934,3.9504034498566574,0.0038905624980614365,0.16616024304084467,0.01886161302795379,3.3280226191147038,75,1127,1127,0,0.3389830508474576,0.8,0.8
152,raw_v2,1203730,1135,0.028756472940194407,3.1673282703634094,0.004278356590543515,0.07311987139299324,0.015212735240610212,5.10966875520159,205,930,930,0,0.0,1.1140918324953515,1.3387404533095162
152,scout_v2,1203730,1135,0.028756472940194407,3.1673282703634094,0.004278356590543515,0.07311987139299324,0.015212735240610212,5.10966875520159,204,931,931,0,0.5573770491803278,0.8,0.8
153,raw_v2,1211649,1042,0.01789230926729265,3.3816809634887024,0.0014001650120977183,0.1613322179960484,0.012623598346838714,4.177764433725015,64,978,978,0,0.0,1.318017760663064,1.68103834986226
153,scout_v2,1211649,1042,0.01789230926729265,3.3816809634887024,0.0014001650120977183,0.1613322179960484,0.012623598346838714,4.177764433725015,64,978,978,0,0.35353535353535354,0.8,0.8
154,raw_v2,1219568,996,0.05875474882601451,2.555195959477308,0.006277659781173264,0.18689673002780774,0.014319452250306505,2.6424032275741625,24,972,972,0,0.0,1.4480845161942801,1.8359375757647258
154,scout_v2,1219568,996,0.05875474882601451,2.555195959477308,0.006277659781173264,0.18689673002780774,0.014319452250306505,2.6424032275741625,25,971,971,0,0.15217391304347827,0.8,0.8
155,raw_v2,1227487,859,0.05989133162916819,1.3520074810105434,0.007192085590259157,0.17766577099171807,0.01604154069874925,2.455667481088397,33,826,826,0,0.0,1.3400849087971904,1.4673728998021736
155,scout_v2,1227487,859,0.05989133162916819,1.3520074810105434,0.007192085590259157,0.17766577099171807,0.01604154069874925,2.455667481088397,34,825,825,0,0.2413793103448276,0.8,0.8
156,raw_v2,1235406,1308,0.042958760808903575,2.365172344035626,0.019527713489508727,0.18759307586045348,0.018188891857313014,5.251621171460315,40,1268,1268,0,0.0,1.4313342938450413,2.4103877964041818
156,scout_v2,1235406,1308,0.042958760808903575,2.365172344035626,0.019527713489508727,0.18759307586045348,0.018188891857313014,5.251621171460315,39,1269,1269,0,0.13636363636363635,0.8,0.8
157,raw_v2,1243325,1192,0.0342623303373324,1.9973000816368178,0.0075106431606655555,0.09565344907856901,0.017141029375797995,6.956706704985907,170,1022,1022,0,0.0,1.1606288638148359,1.44349751858819
157,scout_v2,1243325,1192,0.0342623303373324,1.9973000816368178,0.0075106431606655555,0.09565344907856901,0.017141029375797995,6.956706704985907,170,1022,1022,0,0.5702479338842975,0.8,0.8
158,raw_v2,1251244,1612,0.09386178753050725,1.871961807923461,0.008215254594750046,0.12605849531972219,0.004198480683889872,6.910652477323307,167,1445,1445,0,0.0,1.2330797646775427,1.4088282338655023
158,scout_v2,1251244,1612,0.09386178753050725,1.871961807923461,0.008215254594750046,0.12605849531972219,0.004198480683889872,6.910652477323307,165,1447,1447,0,0.4782608695652174,0.8,0.8
159,raw_v2,1259163,979,0.10174928208268373,2.019289576466834,0.0005237383415302555,0.09025227557608333,0.01434991095949773,5.437595522919279,148,831,831,0,0.0,1.1650227879928763,1.357850758006598
159,scout_v2,1259163,979,0.10174928208268373,2.019289576466834,0.0005237383415302555,0.09025227557608333,0.01434991095949773,5.437595522919279,148,831,831,0,0.5,0.8,0.8
160,raw_v2,1267082,720,0.06502682677217166,3.748423434048391,0.008313437505714578,0.19609695473108174,0.014134242714153328,3.1475310942258083,18,702,702,0,0.0,1.8343308762438595,2.5365979662302607
160,scout_v2,1267082,720,0.06502682677217166,3.748423434048391,0.008313437505714578,0.19609695473108174,0.014134242714153328,3.1475310942258083,18,702,702,0,0.15151515151515152,0.8,0.8
161,raw_v2,1275001,1451,0.020559982142360794,4.217080432376107,0.014113780052034022,0.16505812912370207,0.0006667402937738554,5.392361637031385,91,1360,1360,0,0.0,1.3057194920526134,1.7473351975715201
161,scout_v2,1275001,1451,0.020559982142360794,4.217080432376107,0.014113780052034022,0.16505812912370207,0.0006667402937738554,5.392361637031385,91,1360,1360,0,0.34615384615384615,0.8,0.8
162,raw_v2,1282920,916,0.09224363465046549,3.3232200056725185,0.007771561923483863,0.15350967963838588,0.001135425164925541,4.213970464490126,66,850,850,0,0.0,1.4992876662736108,2.033681519627843
162,scout_v2,1282920,916,0.09224363465046549,3.3232200056725185,0.007771561923483863,0.15350967963838588,0.001135425164925541,4.213970464490126,65,851,851,0,0.36082474226804123,0.8,0.8
163,raw_v2,1290839,864,0.030937246618171342,3.2735717746510398,0.0034830656210650423,0.12220538729515236,0.008457833594243647,2.009442494607935,102,762,762,0,0.0,1.2215587855527066,1.5070235544938824
163,scout_v2,1290839,864,0.030937246618171342,3.2735717746510398,0.0034830656210650423,0.12220538729515236,0.008457833594243647,2.009442494607935,101,763,763,0,0.509090909090909,0.8,0.8
164,raw_v2,1298758,916,0.03199727980713645,1.9392024526958465,0.007276391165960643,0.13142439596453967,0.014995957496723462,5.5287314096161415,90,826,826,0,0.0,1.2421215145503974,1.5862597746886924
164,scout_v2,1298758,916,0.03199727980713645,1.9392024526958465,0.007276391165960643,0.13142439596453967,0.014995957496723462,5.5287314096161415,91,825,825,0,0.5652173913043478,0.8,0.8
165,raw_v2,1306677,987,0.032137693551101056,3.465899403823401,0.006990666532568084,0.09940577950673665,0.007293489048259667,5.6359135984636275,154,833,833,0,0.0,1.1773793830115216,1.5007184259597695
165,scout_v2,1306677,987,0.032137693551101056,3.465899403823401,0.006990666532568084,0.09940577950673665,0.007293489048259667,5.6359135984636275,150,837,837,0,0.5338983050847458,0.8,0.8
166,raw_v2,1314596,1548,0.08186702467847977,3.056413170226431,0.013191507955218292,0.0768108132540246,0.010410873759697268,3.144526115606663,255,1293,1293,0,0.0,1.1386802498424236,1.3285403697073923
166,scout_v2,1314596,1548,0.08186702467847977,3.056413170226431,0.013191507955218292,0.0768108132540246,0.010410873759697268,3.144526115606663,253,1295,1295,0,0.4827586206896552,0.8,0.8
167,raw_v2,1322515,1293,0.06563229288461367,3.6533539482448862,0.018929794537352124,0.1368748763447845,0.005031297814071878,6.318961833746234,118,1175,1175,0,0.0,1.3977892932476152,2.0838385737974416
167,scout_v2,1322515,1293,0.06563229288461367,3.6533539482448862,0.018929794537352124,0.1368748763447845,0.005031297814071878,6.318961833746234,117,1176,1176,0,0.460431654676259,0.8,0.8
168,raw_v2,1330434,1247,0.10714228356789471,1.7309542834300116,0.015821401016863294,0.1503711225811397,0.004159691732265376,4.4672162275442115,81,1166,1166,0,0.0,1.3089794043911562,1.5119111139613188
168,scout_v2,1330434,1247,0.10714228356789471,1.7309542834300116,0.015821401016863294,0.1503711225811397,0.004159691732265376,4.4672162275442115,78,1169,1169,0,0.3448275862068966,0.8,0.8
169,raw_v2,1338353,1617,0.08604766276373091,1.396607218316637,0.019410246686153772,0.0866433015449509,0.010533534438960544,3.0200940121515414,261,1356,1356,0,0.0,1.1456875551457497,1.2252591807196604
169,scout_v2,1338353,1617,0.08604766276373091,1.396607218316637,0.019410246686153772,0.0866433015449509,0.010533534438960544,3.0200940121515414,263,1354,1354,0,0.5555555555555556,0.8,0.8
170,raw_v2,1346272,1117,0.0577704205896124,1.9281395129992056,0.011120998606241456,0.1936447257395474,0.0028040827702438343,6.402945134881829,21,1096,1096,0,0.0,1.409999198444663,1.765753894243673
170,scout_v2,1346272,1117,0.0577704205896124,1.9281395129992056,0.011120998606241456,0.1936447257395474,0.0028040827702438343,6.402945134881829,21,1096,1096,0,0.04878048780487805,0.8,0.8
171,raw_v2,1354191,1777,0.05206584410805981,3.3319491552422704,0.012413348983794816,0.13250541215227868,0.012335166577347755,2.9203047658948353,180,1597,1597,0,0.0,1.2853364585783154,1.746116414252012
171,scout_v2,1354191,1777,0.05206584410805981,3.3319491552422704,0.012413348983794816,0.13250541215227868,0.012335166577347755,2.9203047658948353,179,1598,1598,0,0.48868778280542985,0.8,0.8
172,raw_v2,1362110,1680,0.11464877661874769,2.693543013329159,0.013157189591492325,0.19888309631540585,0.0008603823629498742,3.047529985024038,28,1652,1652,0,0.0,1.6327397377672885,2.1480051461775913
172,scout_v2,1362110,1680,0.11464877661874769,2.693543013329159,0.013157189591492325,0.19888309631540585,0.0008603823629498742,3.047529985024038,30,1650,1650,0,0.19230769230769232,0.8,0.8
173,raw_v2,1370029,1252,0.03249587744984855,2.449567901830611,0.0006842252933178949,0.16758801785383154,0.014138863166960587,5.801079895127349,61,1191,1191,0,0.0,1.3668871723606821,2.525968126253999
173,scout_v2,1370029,1252,0.03249587744984855,2.449567901830611,0.0006842252933178949,0.16758801785383154,0.014138863166960587,5.801079895127349,60,1192,1192,0,0.30927835051546393,0.8,0.8
174,raw_v2,1377948,1317,0.0960477932050748,4.296411726894579,0.0059072615228728175,0.11277422496234382,0.013912083184727307,5.9345486694294145,159,1158,1158,0,0.0,1.4872947148268987,2.025564797997527
174,scout_v2,1377948,1317,0.0960477932050748,4.296411726894579,0.0059072615228728175,0.11277422496234382,0.013912083184727307,5.9345486694294145,160,1157,1157,0,0.5157232704402516,0.8,0.8
175,raw_v2,1385867,1383,0.09738665964026855,4.382031268893034,0.009770474444994117,0.14258190056911732,0.009786908623283708,6.242194603692514,115,1268,1268,0,0.0,1.7351702722923963,2.3224910430885695
175,scout_v2,1385867,1383,0.09738665964026855,4.382031268893034,0.009770474444994117,0.14258190056911732,0.009786908623283708,6.242194603692514,116,1267,1267,0,0.44370860927152317,0.8,0.8
176,raw_v2,1393786,1502,0.07245095451677713,4.0404082322751025,0.004756586792312261,0.042291873124944215,0.0037860841236235054,5.212918736659526,321,1181,1181,0,0.0,1.066682361123008,1.2187113261510412
176,scout_v2,1393786,1502,0.07245095451677713,4.0404082322751025,0.004756586792312261,0.042291873124944215,0.0037860841236235054,5.212918736659526,320,1182,1182,0,0.47651006711409394,0.8,0.8
177,raw_v2,1401705,1235,0.06455917453267429,3.6918034896512744,0.012488956439173169,0.050714969071172886,0.0051472503964131834,2.3688054352607573,251,984,984,0,0.0,1.073013928806042,1.1979292862758426
177,scout_v2,1401705,1235,0.06455917453267429,3.6918034896512744,0.012488956439173169,0.050714969071172886,0.0051472503964131834,2.3688054352607573,252,983,983,0,0.5401459854014599,0.8,0.8
178,raw_v2,1409624,1800,0.042376851102815014,4.338428291706046,0.00020796167733535542,0.10330917443429184,0.01267115903419763,6.274797448249206,264,1536,1536,0,0.0,1.2206799456618034,1.8124547309550514
178,scout_v2,1409624,1800,0.042376851102815014,4.338428291706046,0.00020796167733535542,0.10330917443429184,0.01267115903419763,6.274797448249206,262,1538,1538,0,0.5515695067264574,0.8,0.8
179,raw_v2,1417543,989,0.06304311211992919,1.7124847043332136,0.002742967474781355,0.041398815647769684,0.016171297542973546,5.528489225531523,215,774,774,0,0.0,1.053860275168058,1.1015248806029074
179,scout_v2,1417543,989,0.06304311211992919,1.7124847043332136,0.002742967474781355,0.041398815647769684,0.016171297542973546,5.528489225531523,214,775,775,0,0.5309734513274337,0.8,0.8
180,raw_v2,1425462,953,0.08062315508665155,2.5405022548522123,0.005315861329810256,0.08386477920716333,0.000608478945961346,4.427908379799369,158,795,795,0,0.0,1.1524820247384766,1.282268551315504
180,scout_v2,1425462,953,0.08062315508665155,2.5405022548522123,0.005315861329810256,0.08386477920716333,0.000608478945961346,4.427908379799369,157,796,796,0,0.53,0.8,0.8
181,raw_v2,1433381,1772,0.10620363468744183,3.4084632933505805,0.019711882652805424,0.15944051258693487,0.00039974400858016067,4.736804896157088,102,1670,1670,0,0.0,1.6184841332082185,2.0681867374460596
181,scout_v2,1433381,1772,0.10620363468744183,3.4084632933505805,0.019711882652805424,0.15944051258693487,0.00039974400858016067,4.736804896157088,101,1671,1671,0,0.32666666666666666,0.8,0.8
182,raw_v2,1441300,994,0.04314003733759279,2.2678818218812395,0.018532499026262608,0.06334625792291906,0.015238136717270999,6.345540884669189,190,804,804,0,0.0,1.0956761545273577,1.1713752298514595
182,scout_v2,1441300,994,0.04314003733759279,2.2678818218812395,0.018532499026262608,0.06334625792291906,0.015238136717270999,6.345540884669189,190,804,804,0,0.5098039215686274,0.8,0.8
183,raw_v2,1449219,1509,0.11830326440865321,2.211062638202897,0.011752144395171872,0.02399574258020634,0.0029184030454467626,4.650548999887411,359,1150,1150,0,0.0,1.0224016532793747,1.0567691678323996
183,scout_v2,1449219,1509,0.11830326440865321,2.211062638202897,0.011752144395171872,0.02399574258020634,0.0029184030454467626,4.650548999887411,358,1151,1151,0,0.4791666666666667,0.8,0.8
184,raw_v2,1457138,1528,0.05295715253490845,2.277938347542467,0.019686065798085146,0.17203158287792644,0.012551419804835333,2.4851923713205024,68,1460,1460,0,0.0,1.365086735870568,1.5926039151563667
184,scout_v2,1457138,1528,0.05295715253490845,2.277938347542467,0.019686065798085146,0.17203158287792644,0.012551419804835333,2.4851923713205024,64,1464,1464,0,0.2571428571428571,0.8,0.8
185,raw_v2,1465057,823,0.06043882792374576,3.1981399205475043,0.008319385250322487,0.09527773275633593,0.008315355295626919,6.914041461702309,127,696,696,0,0.0,1.2342172366531388,1.6433941685142854
185,scout_v2,1465057,823,0.06043882792374576,3.1981399205475043,0.008319385250322487,0.09527773275633593,0.008315355295626919,6.914041461702309,127,696,696,0,0.59,0.8,0.8
186,raw_v2,1472976,1796,0.07601509347090216,2.0017147872508083,0.015307347198920558,0.15381998228302138,0.016657400210928524,6.2383625941673815,115,1681,1681,0,0.0,1.3399835783990732,2.2853755193303913
186,scout_v2,1472976,1796,0.07601509347090216,2.0017147872508083,0.015307347198920558,0.15381998228302138,0.016657400210928524,6.2383625941673815,115,1681,1681,0,0.37267080745341613,0.8,0.8
187,raw_v2,1480895,762,0.03969646075416597,1.8641502666113279,0.015847758509150076,0.07406014372374557,0.01673291979205135,6.697032807044769,131,631,631,0,0.0,1.1262921830630717,1.5770859619220825
187,scout_v2,1480895,762,0.03969646075416597,1.8641502666113279,0.015847758509150076,0.07406014372374557,0.01673291979205135,6.697032807044769,131,631,631,0,0.5625,0.8,0.8
188,raw_v2,1488814,1352,0.082320512021236,2.0196812536236446,0.0024297592434153214,0.13272715259407894,0.011409625446590597,3.2680732608806804,133,1219,1219,0,0.0,1.2856779487608094,1.4806631921347753
188,scout_v2,1488814,1352,0.082320512021236,2.0196812536236446,0.0024297592434153214,0.13272715259407894,0.011409625446590597,3.2680732608806804,133,1219,1219,0,0.47953216374269003,0.8,0.8
189,raw_v2,1496733,970,0.09472215920635033,2.8203346226883257,0.012029025795231121,0.062211248592591833,0.015906131637034325,3.767390773537011,180,790,790,0,0.0,1.106310168197942,1.2475051842372171
189,scout_v2,1496733,970,0.09472215920635033,2.8203346226883257,0.012029025795231121,0.062211248592591833,0.015906131637034325,3.767390773537011,180,790,790,0,0.504424778761062,0.8,0.8
190,raw_v2,1504652,1054,0.09590167049157286,4.260739229450374,0.014886051193980532,0.16069047528300454,0.004048831715696057,4.007975363556557,60,994,994,0,0.0,2.048243447197921,2.4800538606680727
190,scout_v2,1504652,1054,0.09590167049157286,4.260739229450374,0.014886051193980532,0.16069047528300454,0.004048831715696057,4.007975363556557,58,996,996,0,0.34831460674157305,0.8,0.8
191,raw_v2,1512571,1706,0.04315069327878805,2.4568748352041148,0.01572565091474223,0.12569828892786244,0.0018050639660099012,2.255093492829288,199,1507,1507,0,0.0,1.2280747478094962,1.422951960291786
191,scout_v2,1512571,1706,0.04315069327878805,2.4568748352041148,0.01572565091474223,0.12569828892786244,0.0018050639660099012,2.255093492829288,199,1507,1507,0,0.5277777777777778,0.8,0.8
192,raw_v2,1520490,1659,0.11285193376159289,2.779847115657793,0.018677113747845468,0.1532003145218544,0.006836563890421936,2.7265766957860826,102,1557,1557,0,0.0,1.446238408391874,1.7769143805582375
192,scout_v2,1520490,1659,0.11285193376159289,2.779847115657793,0.018677113747845468,0.1532003145218544,0.006836563890421936,2.7265766957860826,100,1559,1559,0,0.3402777777777778,0.8,0.8
193,raw_v2,1528409,1359,0.11820439483086569,2.995800959025657,0.014113888475048962,0.15304296460418831,0.000992684187883297,2.5893044448388673,95,1264,1264,0,0.0,1.4838325670657786,1.8948414526173005
193,scout_v2,1528409,1359,0.11820439483086569,2.995800959025657,0.014113888475048962,0.15304296460418831,0.000992684187883297,2.5893044448388673,94,1265,1265,0,0.3875968992248062,0.8,0.8
194,raw_v2,1536328,849,0.039697155672272,1.483646756609739,0.008805225206622157,0.1355533382416074,0.003008302401767693,5.448563928118105,78,771,771,0,0.0,1.2356404544688555,1.3557907028217129
194,scout_v2,1536328,849,0.039697155672272,1.483646756609739,0.008805225206622157,0.1355533382416074,0.003008302401767693,5.448563928118105,79,770,770,0,0.5053763440860215,0.8,0.8
195,raw_v2,1544247,796,0.03528339664934175,1.2399105147981215,0.016577585583777664,0.08975405040687892,0.009507211902446243,5.023450836747886,139,657,657,0,0.0,1.1367853158151051,1.2156948819355506
195,scout_v2,1544247,796,0.03528339664934175,1.2399105147981215,0.016577585583777664,0.08975405040687892,0.009507211902446243,5.023450836747886,138,658,658,0,0.5445544554455446,0.8,0.8
196,raw_v2,1552166,1402,0.03547471884579427,1.7392776359602644,0.0159445471057378,0.07714825628988393,0.006661646845128447,6.152940936101001,248,1154,1154,0,0.0,1.1203525810158583,1.187270717539091
196,scout_v2,1552166,1402,0.03547471884579427,1.7392776359602644,0.0159445471057378,0.07714825628988393,0.006661646845128447,6.152940936101001,248,1154,1154,0,0.5493827160493827,0.8,0.8
197,raw_v2,1560085,1581,0.11968787356009498,3.017211172788725,0.014971965593932197,0.1519749454944782,0.00949735852363913,5.598560893657572,120,1461,1461,0,0.0,1.5973711131302566,2.1008560712219446
197,scout_v2,1560085,1581,0.11968787356009498,3.017211172788725,0.014971965593932197,0.1519749454944782,0.00949735852363913,5.598560893657572,123,1458,1458,0,0.4437869822485207,0.8,0.8
198,raw_v2,1568004,1008,0.06072027412586432,2.254433195573726,0.010708214552502733,0.03912050599489911,0.003855680894712259,2.0763322589057926,223,785,785,0,0.0,1.0434710160890772,1.0812980336354883
198,scout_v2,1568004,1008,0.06072027412586432,2.254433195573726,0.010708214552502733,0.03912050599489911,0.003855680894712259,2.0763322589057926,222,786,786,0,0.5047619047619047,0.8,0.8
199,raw_v2,1575923,1255,0.09407196540899548,4.158132550816931,0.002246880639425568,0.06766223477929366,0.003499812564031983,5.922741771888239,221,1034,1034,0,0.0,1.199082039392247,1.5041717670438859
199,scout_v2,1575923,1255,0.09407196540899548,4.158132550816931,0.002246880639425568,0.06766223477929366,0.003499812564031983,5.922741771888239,218,1037,1037,0,0.4918032786885246,0.8,0.8
200,raw_v2,1583842,1422,0.06102182333208749,1.2776714093116879,0.0057511694857000474,0.19027175898089396,0.006290571691146352,5.256019639801375,35,1387,1387,0,0.0,1.3569635384788699,1.5104732631387674
200,scout_v2,1583842,1422,0.06102182333208749,1.2776714093116879,0.0057511694857000474,0.19027175898089396,0.006290571691146352,5.256019639801375,35,1387,1387,0,0.1076923076923077,0.8,0.8
201,raw_v2,1591761,1472,0.11639715702217235,4.214609391155085,0.009968383622155222,0.08873917931146935,0.0012668382436396496,5.6672347217637515,235,1237,1237,0,0.0,1.3960856447398116,1.7121746167308562
201,scout_v2,1591761,1472,0.11639715702217235,4.214609391155085,0.009968383622155222,0.08873917931146935,0.0012668382436396496,5.6672347217637515,234,1238,1238,0,0.5384615384615384,0.8,0.8
202,raw_v2,1599680,1242,0.032575927083383555,3.070416288397641,0.015557293077546622,0.09153553224741824,0.009250834909155495,5.769228570246371,196,1046,1046,0,0.0,1.1544083366293727,1.4759774598968864
202,scout_v2,1599680,1242,0.032575927083383555,3.070416288397641,0.015557293077546622,0.09153553224741824,0.009250834909155495,5.769228570246371,197,1045,1045,0,0.5695364238410596,0.8,0.8
203,raw_v2,1607599,868,0.0376512592423047,2.0500048770736585,0.014546042149407778,0.1582516966696323,0.014808255140668237,2.05576338387165,47,821,821,0,0.0,1.329096243963317,1.4893841359416335
203,scout_v2,1607599,868,0.0376512592423047,2.0500048770736585,0.014546042149407778,0.1582516966696323,0.014808255140668237,2.05576338387165,48,820,820,0,0.27631578947368424,0.8,0.8
204,raw_v2,1615518,1230,0.11940606817696299,2.5042924872880032,0.015932764570684356,0.10515384698432935,0.014470935353558754,5.959852904808809,158,1072,1072,0,0.0,1.2801417842394882,1.705423921410742
204,scout_v2,1615518,1230,0.11940606817696299,2.5042924872880032,0.015932764570684356,0.10515384698432935,0.014470935353558754,5.959852904808809,157,1073,1073,0,0.5208333333333334,0.8,0.8
205,raw_v2,1623437,1306,0.11902039613530932,2.44157267313709,0.00454498391519919,0.1454025921127223,0.01795805338626706,6.1573859613963835,102,1204,1204,0,0.0,1.4458287521682567,2.3390468415392034
205,scout_v2,1623437,1306,0.11902039613530932,2.44157267313709,0.00454498391519919,0.1454025921127223,0.01795805338626706,6.1573859613963835,103,1203,1203,0,0.41134751773049644,0.8,0.8
206,raw_v2,1631356,859,0.11380741705285152,2.388935234554798,0.00522789713146443,0.12412181100910744,0.0006529424813219986,3.657111484698559,88,771,771,0,0.0,1.2796522770072634,1.606520983985451
206,scout_v2,1631356,859,0.11380741705285152,2.388935234554798,0.00522789713146443,0.12412181100910744,0.0006529424813219986,3.657111484698559,89,770,770,0,0.45454545454545453,0.8,0.8
207,raw_v2,1639275,1604,0.03542553417597785,3.690862260588312,0.005071106788617334,0.185205058013289,0.00405727341970884,5.2682525178082305,52,1552,1552,0,0.0,1.4070322283429244,1.9361670357844367
207,scout_v2,1639275,1604,0.03542553417597785,3.690862260588312,0.005071106788617334,0.185205058013289,0.00405727341970884,5.2682525178082305,51,1553,1553,0,0.19540229885057472,0.8,0.8
208,raw_v2,1647194,1352,0.02015976506684033,4.078013144060234,0.017652272096105637,0.14881943203639605,0.0041707398726807485,2.068188021679558,123,1229,1229,0,0.0,1.2989338876833914,1.7129616591879668
208,scout_v2,1647194,1352,0.02015976506684033,4.078013144060234,0.017652272096105637,0.14881943203639605,0.0041707398726807485,2.068188021679558,121,1231,1231,0,0.5033112582781457,0.8,0.8
209,raw_v2,1655113,1153,0.061613234419137054,3.8546153661715605,0.011293271976134785,0.11238540553608045,0.001999108952894677,6.168765417411862,153,1000,1000,0,0.0,1.2551323624634905,1.7617496561269093
209,scout_v2,1655113,1153,0.061613234419137054,3.8546153661715605,0.011293271976134785,0.11238540553608045,0.001999108952894677,6.168765417411862,152,1001,1001,0,0.5419847328244275,0.8,0.8
210,raw_v2,1663032,1331,0.08718879769031644,3.6882342386335427,0.000615140829211629,0.04740860022244944,0.013409689075245111,4.8162972313937,258,1073,1073,0,0.0,1.0786606077802594,1.2659124084976734
210,scout_v2,1663032,1331,0.08718879769031644,3.6882342386335427,0.000615140829211629,0.04740860022244944,0.013409689075245111,4.8162972313937,258,1073,1073,0,0.5161290322580645,0.8,0.8
211,raw_v2,1670951,1135,0.06594274435643324,4.463273032286604,0.0004774111807799741,0.17878903342123903,0.003524405538453601,5.066930264836076,37,1098,1098,0,0.0,1.8779324555084835,2.5812454709307664
211,scout_v2,1670951,1135,0.06594274435643324,4.463273032286604,0.0004774111807799741,0.17878903342123903,0.003524405538453601,5.066930264836076,37,1098,1098,0,0.16666666666666666,0.8,0.8
212,raw_v2,1678870,786,0.06698928539319883,3.8043538860985153,0.004394734749110763,0.023832990037899227,0.01573695905573093,2.9927641183722313,185,601,601,0,0.0,1.025652718023366,1.063560473213521
212,scout_v2,1678870,786,0.06698928539319883,3.8043538860985153,0.004394734749110763,0.023832990037899227,0.01573695905573093,2.9927641183722313,183,603,603,0,0.47297297297297297,0.8,0.8
213,raw_v2,1686789,1487,0.11039188669310136,2.856252552221177,0.003299992099856006,0.027225665518884334,0.015307383684882171,5.50587285600501,335,1152,1152,0,0.0,1.0364345291864168,1.0929811145770694
213,scout_v2,1686789,1487,0.11039188669310136,2.856252552221177,0.003299992099856006,0.027225665518884334,0.015307383684882171,5.50587285600501,333,1154,1154,0,0.5189873417721519,0.8,0.8
214,raw_v2,1694708,832,0.0158149849118736,4.358291812680695,0.013178928263045175,0.024887842371940742,0.00963124255289029,3.0525398318392987,196,636,636,0,0.0,1.0198923642289266,1.041928335335189
214,scout_v2,1694708,832,0.0158149849118736,4.358291812680695,0.013178928263045175,0.024887842371940742,0.00963124255289029,3.0525398318392987,196,636,636,0,0.44,0.8,0.8
215,raw_v2,1702627,1583,0.05583773260137053,3.6901421407611714,0.005775623492157023,0.07542882494555057,0.012567170014186892,2.982721529055141,275,1308,1308,0,0.0,1.1376448990701908,1.3997410197679763
215,scout_v2,1702627,1583,0.05583773260137053,3.6901421407611714,0.005775623492157023,0.07542882494555057,0.012567170014186892,2.982721529055141,274,1309,1309,0,0.5227272727272727,0.8,0.8
216,raw_v2,1710546,731,0.07104540376081234,2.455943943600589,0.009190101634750628,0.15443899296685476,0.003666710227037977,3.9729419520948777,54,677,677,0,0.0,1.3152988070360263,1.6431345643595825
216,scout_v2,1710546,731,0.07104540376081234,2.455943943600589,0.009190101634750628,0.15443899296685476,0.003666710227037977,3.9729419520948777,55,676,676,0,0.4090909090909091,0.8,0.8
217,raw_v2,1718465,721,0.06941439108762615,2.165584931557002,0.01825366049440694,0.1573051840354954,0.018450623740214205,3.1106798798618236,51,670,670,0,0.0,1.362773242754686,1.7524567190761642
217,scout_v2,1718465,721,0.06941439108762615,2.165584931557002,0.01825366049440694,0.1573051840354954,0.018450623740214205,3.1106798798618236,50,671,671,0,0.39436619718309857,0.8,0.8
218,raw_v2,1726384,1046,0.05638721519471349,3.602904217667305,0.0019917261596309865,0.16902493530987775,0.009217341859383207,3.428582193619185,52,994,994,0,0.0,1.5408612945222595,2.017668104584552
218,scout_v2,1726384,1046,0.05638721519471349,3.602904217667305,0.0019917261596309865,0.16902493530987775,0.009217341859383207,3.428582193619185,52,994,994,0,0.21839080459770116,0.8,0.8
219,raw_v2,1734303,1051,0.021607349881437428,2.771516348385732,0.0007509053775577223,0.12319838135396591,0.007270986311872379,6.8760505659102975,124,927,927,0,0.0,1.2146188633815058,1.353575349789133
219,scout_v2,1734303,1051,0.021607349881437428,2.771516348385732,0.0007509053775577223,0.12319838135396591,0.007270986311872379,6.8760505659102975,123,928,928,0,0.5666666666666667,0.8,0.8
220,raw_v2,1742222,1508,0.07998840647548575,1.5792465273571623,0.017702852247655953,0.08204497618325766,0.019180188340095886,2.7177653948087985,251,1257,1257,0,0.0,1.1332476412946555,1.2507863983750993
220,scout_v2,1742222,1508,0.07998840647548575,1.5792465273571623,0.017702852247655953,0.08204497618325766,0.019180188340095886,2.7177653948087985,251,1257,1257,0,0.543859649122807,0.8,0.8
221,raw_v2,1750141,1565,0.08213392365435661,3.3453211208429536,0.006255751463890395,0.06262476581039023,0.013061736354099953,4.487752876539867,286,1279,1279,0,0.0,1.1105821544888146,1.3156637478745468
221,scout_v2,1750141,1565,0.08213392365435661,3.3453211208429536,0.006255751463890395,0.06262476581039023,0.013061736354099953,4.487752876539867,285,1280,1280,0,0.5256410256410257,0.8,0.8
222,raw_v2,1758060,1171,0.045666873119296035,2.18662896617096,0.006076678217301421,0.14582949400243786,0.0026036274739969214,2.742572778294919,90,1081,1081,0,0.0,1.291250201714822,1.426039726857765
222,scout_v2,1758060,1171,0.045666873119296035,2.18662896617096,0.006076678217301421,0.14582949400243786,0.0026036274739969214,2.742572778294919,90,1081,1081,0,0.384,0.8,0.8
223,raw_v2,1765979,818,0.11696185619149324,3.1279961384611017,0.00890055035837686,0.19427819391847206,0.004397467742505877,4.080063754372613,19,799,799,0,0.0,1.8732641409554738,2.16934652049766
223,scout_v2,1765979,818,0.11696185619149324,3.1279961384611017,0.00890055035837686,0.19427819391847206,0.004397467742505877,4.080063754372613,19,799,799,0,0.05555555555555555,0.8,0.8
224,raw_v2,1773898,754,0.10868115956891314,4.01667794937408,0.0038892172529373047,0.06930319710513569,0.016729568698769768,5.194630770349002,134,620,620,0,0.0,1.194194404290155,1.5075441582246403
224,scout_v2,1773898,754,0.10868115956891314,4.01667794937408,0.0038892172529373047,0.06930319710513569,0.016729568698769768,5.194630770349002,134,620,620,0,0.5857142857142857,0.8,0.8
225,raw_v2,1781817,1729,0.10520625651852014,2.1209375848466667,0.010919037403631877,0.10933806028720426,0.015475814367948756,5.2264346598290246,214,1515,1515,0,0.0,1.2347495253719316,1.6676732009283461
225,scout_v2,1781817,1729,0.10520625651852014,2.1209375848466667,0.010919037403631877,0.10933806028720426,0.015475814367948756,5.2264346598290246,214,1515,1515,0,0.5326633165829145,0.8,0.8
226,raw_v2,1789736,1487,0.0953062639792047,1.3735622740792763,0.007695514415130726,0.06495908508039819,0.007635878455657612,4.916659351014577,286,1201,1201,0,0.0,1.0926550456351547,1.1570276607082122
226,scout_v2,1789736,1487,0.0953062639792047,1.3735622740792763,0.007695514415130726,0.06495908508039819,0.007635878455657612,4.916659351014577,285,1202,1202,0,0.5632911392405063,0.8,0.8
227,raw_v2,1797655,1364,0.02980277079815887,3.93060674339106,0.01831254694771306,0.062157405433473895,0.0024513592484617995,4.631815169712466,273,1091,1091,0,0.0,1.092044176407247,1.2637353516380492
227,scout_v2,1797655,1364,0.02980277079815887,3.93060674339106,0.01831254694771306,0.062157405433473895,0.0024513592484617995,4.631815169712466,274,1090,1090,0,0.5369127516778524,0.8,0.8
228,raw_v2,1805574,1562,0.04985350104623487,2.607631617353481,0.012122355405698287,0.12708174154820948,0.007416464516513226,3.439359889352972,167,1395,1395,0,0.0,1.2539999363828518,1.5913147488982589
228,scout_v2,1805574,1562,0.04985350104623487,2.607631617353481,0.012122355405698287,0.12708174154820948,0.007416464516513226,3.439359889352972,166,1396,1396,0,0.5233160621761658,0.8,0.8
229,raw_v2,1813493,994,0.0859312183894492,3.101622285702848,0.012511247894333517,0.03144500797161151,0.005339899425594845,5.269636148964769,224,770,770,0,0.0,1.034731245122857,1.0996969072997178
229,scout_v2,1813493,994,0.0859312183894492,3.101622285702848,0.012511247894333517,0.03144500797161151,0.005339899425594845,5.269636148964769,225,769,769,0,0.5480769230769231,0.8,0.8
230,raw_v2,1821412,1232,0.02803365254358485,2.1928046174974423,0.008509478763661546,0.023192290508139434,0.010409981031411181,6.985494170410936,294,938,938,0,0.0,1.018847561219986,1.0397025586309743
230,scout_v2,1821412,1232,0.02803365254358485,2.1928046174974423,0.008509478763661546,0.023192290508139434,0.010409981031411181,6.985494170410936,295,937,937,0,0.49193548387096775,0.8,0.8
231,raw_v2,1829331,804,0.011238278590007688,2.3590251769935704,0.008516785178607177,0.13673656562530495,0.0004229753385707702,2.968700231101189,73,731,731,0,0.0,1.2475485097348578,1.3234619227186215
231,scout_v2,1829331,804,0.011238278590007688,2.3590251769935704,0.008516785178607177,0.13673656562530495,0.0004229753385707702,2.968700231101189,72,732,732,0,0.4835164835164835,0.8,0.8
232,raw_v2,1837250,992,0.022747902052395238,3.1302723370338934,0.013331524402258,0.1410235324116434,0.0013587552092570033,5.374571586249143,85,907,907,0,0.0,1.2552442092292655,1.5940804158986066
232,scout_v2,1837250,992,0.022747902052395238,3.1302723370338934,0.013331524402258,0.1410235324116434,0.0013587552092570033,5.374571586249143,85,907,907,0,0.5043478260869565,0.8,0.8
233,raw_v2,1845169,825,0.08332054374750357,1.6250036414063906,0.002841555557225561,0.17454454026625932,0.0011469652197023694,6.308540192770211,35,790,790,0,0.0,1.33973230162677,1.4539414954199783
233,scout_v2,1845169,825,0.08332054374750357,1.6250036414063906,0.002841555557225561,0.17454454026625932,0.0011469652197023694,6.308540192770211,35,790,790,0,0.23214285714285715,0.8,0.8
234,raw_v2,1853088,1353,0.07519982974834631,1.2384685747142496,0.008924855640926883,0.07952387498123838,0.01473017923998522,3.8833314381704014,237,1116,1116,0,0.0,1.1178261138490717,1.196985031213057
234,scout_v2,1853088,1353,0.07519982974834631,1.2384685747142496,0.008924855640926883,0.07952387498123838,0.01473017923998522,3.8833314381704014,235,1118,1118,0,0.5855263157894737,0.8,0.8
235,raw_v2,1861007,939,0.10753358592241498,3.2545215277869097,0.01917442431691755,0.09977384647870231,0.018229741752989515,5.345592862408426,130,809,809,0,0.0,1.331329120634137,1.6397793588811287
235,scout_v2,1861007,939,0.10753358592241498,3.2545215277869097,0.01917442431691755,0.09977384647870231,0.018229741752989515,5.345592862408426,131,808,808,0,0.5145631067961165,0.8,0.8
236,raw_v2,1868926,1050,0.06255380659063244,2.557867631810464,0.016875845642240164,0.18145861766286608,0.014553808993519029,3.8809937662350547,33,1017,1017,0,0.0,1.503224039624214,2.0279228098029014
236,scout_v2,1868926,1050,0.06255380659063244,2.557867631810464,0.016875845642240164,0.18145861766286608,0.014553808993519029,3.8809937662350547,33,1017,1017,0,0.15789473684210525,0.8,0.8
237,raw_v2,1876845,1004,0.04325142838221948,3.805460057289727,0.017526210441384468,0.1329494407804067,0.008163771237084044,3.080540518084978,109,895,895,0,0.0,1.2814648381194589,1.8719166727731569
237,scout_v2,1876845,1004,0.04325142838221948,3.805460057289727,0.017526210441384468,0.1329494407804067,0.008163771237084044,3.080540518084978,108,896,896,0,0.576271186440678,0.8,0.8
238,raw_v2,1884764,1410,0.0553619743911881,1.6394651939278089,0.005615107417605405,0.025549817769393544,0.002436000849691067,6.258086616992189,328,1082,1082,0,0.0,1.02280826845772,1.0466034557171267
238,scout_v2,1884764,1410,0.0553619743911881,1.6394651939278089,0.005615107417605405,0.025549817769393544,0.002436000849691067,6.258086616992189,331,1079,1079,0,0.5,0.8,0.8
239,raw_v2,1892683,1695,0.10790244895675774,4.144996222637712,0.00859040928067537,0.17086527970363313,0.0010703492572716612,3.3831741437530614,80,1615,1615,0,0.0,1.956150904976261,2.535757937763311
239,scout_v2,1892683,1695,0.10790244895675774,4.144996222637712,0.00859040928067537,0.17086527970363313,0.0010703492572716612,3.3831741437530614,79,1616,1616,0,0.29133858267716534,0.8,0.8
240,raw_v2,1900602,805,0.10380034490690403,4.1417164537041185,0.010678504332439743,0.06930927341340272,0.007683683264623973,5.207795827315941,140,665,665,0,0.0,1.230503943747051,1.4991863726866497
240,scout_v2,1900602,805,0.10380034490690403,4.1417164537041185,0.010678504332439743,0.06930927341340272,0.007683683264623973,5.207795827315941,140,665,665,0,0.4819277108433735,0.8,0.8
241,raw_v2,1908521,862,0.11237944913480037,1.2172039691535734,0.0015475854632498475,0.05535069435700957,0.0035461638513025217,5.426922261749357,185,677,677,0,0.0,1.0665382284072915,1.1164884744313448
241,scout_v2,1908521,862,0.11237944913480037,1.2172039691535734,0.0015475854632498475,0.05535069435700957,0.0035461638513025217,5.426922261749357,184,678,678,0,0.6039603960396039,0.8,0.8
242,raw_v2,1916440,1182,0.11753524919500917,4.122005154436121,0.008100628272118335,0.06574389441128761,0.0009624649446760492,4.916216577117733,208,974,974,0,0.0,1.1794633266099834,1.4983500088953874
242,scout_v2,1916440,1182,0.11753524919500917,4.122005154436121,0.008100628272118335,0.06574389441128761,0.0009624649446760492,4.916216577117733,208,974,974,0,0.5,0.8,0.8
243,raw_v2,1924359,1070,0.0673159145920643,2.578435700049341,0.0001542573332155772,0.12333646111907767,0.012994518243214702,2.4273635563349694,118,952,952,0,0.0,1.2582431726989851,1.476347405975409
243,scout_v2,1924359,1070,0.0673159145920643,2.578435700049341,0.0001542573332155772,0.12333646111907767,0.012994518243214702,2.4273635563349694,117,953,953,0,0.5289256198347108,0.8,0.8
244,raw_v2,1932278,1305,0.06883677668495267,3.3868210098801184,0.015214295133055509,0.07032436518322395,0.018963197071046888,4.458437100260391,235,1070,1070,0,0.0,1.1380770474843234,1.3923528943037657
244,scout_v2,1932278,1305,0.06883677668495267,3.3868210098801184,0.015214295133055509,0.07032436518322395,0.018963197071046888,4.458437100260391,235,1070,1070,0,0.5107913669064749,0.8,0.8
245,raw_v2,1940197,919,0.1036028748620196,3.27456380437484,0.017211725435708064,0.16634068690839454,0.009387928897690365,2.6664096641792923,48,871,871,0,0.0,1.7148099932700254,2.102563322117031
245,scout_v2,1940197,919,0.1036028748620196,3.27456380437484,0.017211725435708064,0.16634068690839454,0.009387928897690365,2.6664096641792923,48,871,871,0,0.32857142857142857,0.8,0.8
246,raw_v2,1948116,1023,0.0716141313788316,2.3931205504051,0.0195264375434833,0.10782412555823527,0.004502079450059204,4.57765341090486,137,886,886,0,0.0,1.207329290175658,1.4304830277364848
246,scout_v2,1948116,1023,0.0716141313788316,2.3931205504051,0.0195264375434833,0.10782412555823527,0.004502079450059204,4.57765341090486,138,885,885,0,0.5864661654135338,0.8,0.8
247,raw_v2,1956035,1664,0.01665641847973217,3.833716510828724,0.00990845179316433,0.03214145328796045,0.017380625027207768,3.366660451424833,384,1280,1280,0,0.0,1.035358625005656,1.0708744156257408
247,scout_v2,1956035,1664,0.01665641847973217,3.833716510828724,0.00990845179316433,0.03214145328796045,0.017380625027207768,3.366660451424833,382,1282,1282,0,0.49079754601226994,0.8,0.8
248,raw_v2,1963954,1285,0.05995793266026855,2.9703980617908474,0.011657413803769537,0.0563117120609177,0.009314235264058978,4.8603757087051145,259,1026,1026,0,0.0,1.085461516537876,1.2305132180158964
248,scout_v2,1963954,1285,0.05995793266026855,2.9703980617908474,0.011657413803769537,0.0563117120609177,0.009314235264058978,4.8603757087051145,259,1026,1026,0,0.5503355704697986,0.8,0.8
249,raw_v2,1971873,1591,0.060347481529650936,2.8481194876538387,0.016117965300172933,0.06991551506804204,0.013892179321641135,3.021605338816318,301,1290,1290,0,0.0,1.1234697915184624,1.2845301160434675
249,scout_v2,1971873,1591,0.060347481529650936,2.8481194876538387,0.016117965300172933,0.06991551506804204,0.013892179321641135,3.021605338816318,299,1292,1292,0,0.5359116022099447,0.8,0.8
250,raw_v2,1979792,1438,0.10515895615933452,1.7748122078432391,0.001304613889516757,0.048108762352750856,0.012244292708666902,6.80370843346601,309,1129,1129,0,0.0,1.0730899415826862,1.17031944171752
250,scout_v2,1979792,1438,0.10515895615933452,1.7748122078432391,0.001304613889516757,0.048108762352750856,0.012244292708666902,6.80370843346601,302,1136,1136,0,0.5542168674698795,0.8,0.8
251,raw_v2,1987711,870,0.037471694097709625,4.375472448873971,0.0075659384482757355,0.16963589455861772,0.004785194839593616,3.4175972433295705,43,827,827,0,0.0,1.359844044732728,2.11066069735931
251,scout_v2,1987711,870,0.037471694097709625,4.375472448873971,0.0075659384482757355,0.16963589455861772,0.004785194839593616,3.4175972433295705,43,827,827,0,0.20512820512820512,0.8,0.8
252,raw_v2,1995630,1274,0.015989239349561184,1.5006973303824518,0.016244484267836076,0.04928258330674883,0.0038786906857210092,3.9818925425747684,278,996,996,0,0.0,1.052699133228776,1.0943705471304832
252,scout_v2,1995630,1274,0.015989239349561184,1.5006973303824518,0.016244484267836076,0.04928258330674883,0.0038786906857210092,3.9818925425747684,280,994,994,0,0.5594405594405595,0.8,0.8
253,raw_v2,2003549,953,0.11412989817576105,3.408573392552708,0.01367400001437898,0.11066853849556661,0.0032959364099629717,6.187593721163888,116,837,837,0,0.0,1.3358262916582455,1.726114219985826
253,scout_v2,2003549,953,0.11412989817576105,3.408573392552708,0.01367400001437898,0.11066853849556661,0.0032959364099629717,6.187593721163888,116,837,837,0,0.5454545454545454,0.8,0.8
254,raw_v2,2011468,1786,0.03539672918234074,3.272581076193024,0.00935843755133266,0.11354682896409161,0.018956123817259064,6.665799663024704,229,1557,1557,0,0.0,1.231345445665537,2.063357126549316
254,scout_v2,2011468,1786,0.03539672918234074,3.272581076193024,0.00935843755133266,0.11354682896409161,0.018956123817259064,6.665799663024704,231,1555,1555,0,0.5308056872037915,0.8,0.8
255,raw_v2,2019387,1789,0.032984957929542535,3.88790201606325,0.013467173329325972,0.03513025720016029,0.01951790042282306,2.811339584251742,399,1390,1390,0,0.0,1.0417994225097498,1.0985098564829583
255,scout_v2,2019387,1789,0.032984957929542535,3.88790201606325,0.013467173329325972,0.03513025720016029,0.01951790042282306,2.811339584251742,400,1389,1389,0,0.5233160621761658,0.8,0.8
256,raw_v2,2027306,1002,0.06019688987882871,3.847974850993368,0.0036322482470875416,0.07367820829721748,0.01752524531905405,2.8540409476591115,168,834,834,0,0.0,1.1260737809794752,1.3574103557473904
256,scout_v2,2027306,1002,0.06019688987882871,3.847974850993368,0.0036322482470875416,0.07367820829721748,0.01752524531905405,2.8540409476591115,167,835,835,0,0.5392156862745098,0.8,0.8
257,raw_v2,2035225,943,0.10442108776071085,4.49559535552,0.00030727500296662936,0.16971582088705833,0.016115170371737285,2.547606191594408,36,907,907,0,0.0,2.0820188393039576,2.72599407755737
257,scout_v2,2035225,943,0.10442108776071085,4.49559535552,0.00030727500296662936,0.16971582088705833,0.016115170371737285,2.547606191594408,36,907,907,0,0.2,0.8,0.8
258,raw_v2,2043144,1164,0.03446395816971388,3.866284629605569,0.009648465274140927,0.17106828567557314,0.01632593183224933,6.87831701440927,47,1117,1117,0,0.0,1.4451215335350265,2.7174693948646236
258,scout_v2,2043144,1164,0.03446395816971388,3.866284629605569,0.009648465274140927,0.17106828567557314,0.01632593183224933,6.87831701440927,49,1115,1115,0,0.26506024096385544,0.8,0.8
259,raw_v2,2051063,1751,0.0784865874790804,2.2440591280030064,0.0014726217619644144,0.16860935167354063,0.0152685657231133,2.7918529905489136,82,1669,1669,0,0.0,1.4036674753309133,1.8234770615125993
259,scout_v2,2051063,1751,0.0784865874790804,2.2440591280030064,0.0014726217619644144,0.16860935167354063,0.0152685657231133,2.7918529905489136,84,1667,1667,0,0.2781954887218045,0.8,0.8
260,raw_v2,2058982,1185,0.036359389758280035,2.7752284330557737,0.009174434442002466,0.1513638957408532,0.009689137189250433,3.993492199193447,93,1092,1092,0,0.0,1.3227053708694374,1.6257372245947026
260,scout_v2,2058982,1185,0.036359389758280035,2.7752284330557737,0.009174434442002466,0.1513638957408532,0.009689137189250433,3.993492199193447,91,1094,1094,0,0.392,0.8,0.8
261,raw_v2,2066901,721,0.08912564089063828,3.2802425784487106,0.016031100244903448,0.17074611362623787,0.001066728446310299,6.955826149258248,31,690,690,0,0.0,1.5183944587125597,2.0010241106193623
261,scout_v2,2066901,721,0.08912564089063828,3.2802425784487106,0.016031100244903448,0.17074611362623787,0.001066728446310299,6.955826149258248,30,691,691,0,0.24489795918367346,0.8,0.8
262,raw_v2,2074820,1509,0.017821344294549415,3.673836603324789,0.01024350920674612,0.11519381878773398,0.015021539105099995,6.684541314502394,193,1316,1316,0,0.0,1.248412173740662,2.099707238775646
262,scout_v2,2074820,1509,0.017821344294549415,3.673836603324789,0.01024350920674612,0.11519381878773398,0.015021539105099995,6.684541314502394,192,1317,1317,0,0.5304878048780488,0.8,0.8
263,raw_v2,2082739,771,0.11630736499908798,3.076854262401047,0.013479153271915841,0.16964549389098785,0.01054362675078614,5.031938103507726,37,734,734,0,0.0,1.722656692011849,2.0192158895758205
263,scout_v2,2082739,771,0.11630736499908798,3.076854262401047,0.013479153271915841,0.16964549389098785,0.01054362675078614,5.031938103507726,37,734,734,0,0.2542372881355932,0.8,0.8
264,raw_v2,2090658,1517,0.0775234743411557,3.230596706965584,0.006658655319046303,0.15358415773494158,0.013569344324716752,5.579369656727488,91,1426,1426,0,0.0,1.4029736754593247,1.9882458284531215
264,scout_v2,2090658,1517,0.0775234743411557,3.230596706965584,0.006658655319046303,0.15358415773494158,0.013569344324716752,5.579369656727488,90,1427,1427,0,0.30714285714285716,0.8,0.8
265,raw_v2,2098577,1378,0.022562202685816764,1.8701245962963085,0.0057318986567131795,0.09566878775980307,0.016948316223055784,3.4863808259789444,219,1159,1159,0,0.0,1.1594068502194712,1.313914912298634
265,scout_v2,2098577,1378,0.022562202685816764,1.8701245962963085,0.0057318986567131795,0.09566878775980307,0.016948316223055784,3.4863808259789444,218,1160,1160,0,0.5714285714285714,0.8,0.8
266,raw_v2,2106496,1049,0.06890149893580595,4.355227431535599,0.001403116079486819,0.19737979531490424,0.011590654298150647,5.790319775339638,16,1033,1033,0,0.0,1.925681226687857,2.6746824581395137
266,scout_v2,2106496,1049,0.06890149893580595,4.355227431535599,0.001403116079486819,0.19737979531490424,0.011590654298150647,5.790319775339638,16,1033,1033,0,0.03225806451612903,0.8,0.8
267,raw_v2,2114415,871,0.10443441698270824,2.3532761841159413,0.014292080519780245,0.061314987143325325,0.01533602794950487,4.895630566457687,155,716,716,0,0.0,1.1051153709885617,1.2154210424788623
267,scout_v2,2114415,871,0.10443441698270824,2.3532761841159413,0.014292080519780245,0.061314987143325325,0.01533602794950487,4.895630566457687,155,716,716,0,0.5108695652173914,0.8,0.8
268,raw_v2,2122334,1628,0.11592715381337262,1.4650544959828538,0.016504948946452005,0.18481963576657498,0.017990148874842803,3.816076369067503,42,1586,1586,0,0.0,1.4032369674903986,2.0049816399939777
268,scout_v2,2122334,1628,0.11592715381337262,1.4650544959828538,0.016504948946452005,0.18481963576657498,0.017990148874842803,3.816076369067503,43,1585,1585,0,0.14666666666666667,0.8,0.8
269,raw_v2,2130253,1796,0.043298485197938406,1.4982377285998099,0.010240448275880167,0.11595673539166766,0.003422062146012719,2.849633046111493,235,1561,1561,0,0.0,1.1977447467908733,1.2794705255948058
269,scout_v2,2130253,1796,0.043298485197938406,1.4982377285998099,0.010240448275880167,0.11595673539166766,0.003422062146012719,2.849633046111493,233,1563,1563,0,0.5402843601895735,0.8,0.8
270,raw_v2,2138172,1430,0.05051717854505289,3.2068351990557753,0.01685668839638855,0.18668920044281617,0.002411881625056798,2.5074046616973455,51,1379,1379,0,0.0,1.4539243854214001,2.03740608860046
270,scout_v2,2138172,1430,0.05051717854505289,3.2068351990557753,0.01685668839638855,0.18668920044281617,0.002411881625056798,2.5074046616973455,51,1379,1379,0,0.21176470588235294,0.8,0.8
271,raw_v2,2146091,1529,0.04583762776471784,2.308795255463484,0.001460364313475282,0.1053632035354515,0.010999852111320173,2.798620407618564,208,1321,1321,0,0.0,1.1809542120870251,1.2648921227717895
271,scout_v2,2146091,1529,0.04583762776471784,2.308795255463484,0.001460364313475282,0.1053632035354515,0.010999852111320173,2.798620407618564,207,1322,1322,0,0.5116279069767442,0.8,0.8
272,raw_v2,2154010,1612,0.06958531941666588,1.2958827778596111,0.016521044380946412,0.05404853809421395,0.0021537971039745376,6.944683322601252,326,1286,1286,0,0.0,1.0733345864788846,1.112359586505443
272,scout_v2,2154010,1612,0.06958531941666588,1.2958827778596111,0.016521044380946412,0.05404853809421395,0.0021537971039745376,6.944683322601252,325,1287,1287,0,0.5217391304347826,0.8,0.8
273,raw_v2,2161929,946,0.022398064910149677,2.8770045220867884,0.018989780378522197,0.15670908024040694,0.012548478656689304,4.158078472179367,65,881,881,0,0.0,1.3399842483812865,1.9198721877723042
273,scout_v2,2161929,946,0.022398064910149677,2.8770045220867884,0.018989780378522197,0.15670908024040694,0.012548478656689304,4.158078472179367,65,881,881,0,0.45977011494252873,0.8,0.8
274,raw_v2,2169848,748,0.09797794054104497,2.256388063111719,1.223944920734743e-05,0.19502069985130258,0.009659464665204434,5.187023355639953,16,732,732,0,0.0,1.4588826527828858,1.826482368108202
274,scout_v2,2169848,748,0.09797794054104497,2.256388063111719,1.223944920734743e-05,0.19502069985130258,0.009659464665204434,5.187023355639953,16,732,732,0,0.13793103448275862,0.8,0.8
275,raw_v2,2177767,1545,0.037424300525353206,4.403663777254382,0.01303138963636219,0.09656911082270539,0.016520352134852766,2.7567253185107496,234,1311,1311,0,0.0,1.1890405973013682,1.5618722292086031
275,scout_v2,2177767,1545,0.037424300525353206,4.403663777254382,0.01303138963636219,0.09656911082270539,0.016520352134852766,2.7567253185107496,234,1311,1311,0,0.5424836601307189,0.8,0.8
276,raw_v2,2185686,1436,0.11241234625795088,3.4447525341670078,8.270844565667401e-05,0.1406072462531219,0.015280266977384088,4.366621550563115,121,1315,1315,0,0.0,1.689439677604552,2.0371818993367934
276,scout_v2,2185686,1436,0.11241234625795088,3.4447525341670078,8.270844565667401e-05,0.1406072462531219,0.015280266977384088,4.366621550563115,122,1314,1314,0,0.4409937888198758,0.8,0.8
277,raw_v2,2193605,1287,0.023488390953127762,2.1499786734713418,0.011131321353385045,0.15240274078602944,0.008706332016862255,5.9862779994883635,90,1197,1197,0,0.0,1.3059625998239157,2.1401166572723658
277,scout_v2,2193605,1287,0.023488390953127762,2.1499786734713418,0.011131321353385045,0.15240274078602944,0.008706332016862255,5.9862779994883635,88,1199,1199,0,0.4224137931034483,0.8,0.8
278,raw_v2,2201524,1192,0.020755165492498204,1.6947448055632452,0.017270022034801488,0.021139813812342183,0.0177284454336283,2.208786001858257,288,904,904,0,0.0,1.0153098125726177,1.0375500773811541
278,scout_v2,2201524,1192,0.020755165492498204,1.6947448055632452,0.017270022034801488,0.021139813812342183,0.0177284454336283,2.208786001858257,288,904,904,0,0.4727272727272727,0.8,0.8
279,raw_v2,2209443,1204,0.01438035141211633,2.9035219244059656,0.01328471809063195,0.031483820370617525,0.008024416573955726,5.456379561341066,274,930,930,0,0.0,1.0335354992822468,1.0606970384294943
279,scout_v2,2209443,1204,0.01438035141211633,2.9035219244059656,0.01328471809063195,0.031483820370617525,0.008024416573955726,5.456379561341066,274,930,930,0,0.5084745762711864,0.8,0.8
280,raw_v2,2217362,1650,0.05754452836580569,1.8762611358452876,0.002353641687210222,0.13561774051641093,0.015751749909125107,3.134697272945189,157,1493,1493,0,0.0,1.2700639469584272,1.4499346652602112
280,scout_v2,2217362,1650,0.05754452836580569,1.8762611358452876,0.002353641687210222,0.13561774051641093,0.015751749909125107,3.134697272945189,158,1492,1492,0,0.4897959183673469,0.8,0.8
281,raw_v2,2225281,763,0.017735237726055758,2.637722222869005,0.01674551458102958,0.15355286849078062,0.003996623045823227,2.2972698291315607,61,702,702,0,0.0,1.2781269868853407,1.4334358558471052
281,scout_v2,2225281,763,0.017735237726055758,2.637722222869005,0.01674551458102958,0.15355286849078062,0.003996623045823227,2.2972698291315607,60,703,703,0,0.4186046511627907,0.8,0.8
282,raw_v2,2233200,1011,0.06915093231592052,3.709940372988247,0.01930341614305079,0.058792459653247545,0.010370608874050091,3.2786205793689307,185,826,826,0,0.0,1.105145272361013,1.309451559889951
282,scout_v2,2233200,1011,0.06915093231592052,3.709940372988247,0.01930341614305079,0.058792459653247545,0.010370608874050091,3.2786205793689307,185,826,826,0,0.48484848484848486,0.8,0.8
283,raw_v2,2241119,951,0.04582451977310579,3.6530406599189424,0.002719616531550888,0.1852346471617027,0.005871884162268335,3.1407191043173412,28,923,923,0,0.0,1.450787269847806,2.2014929972036517
283,scout_v2,2241119,951,0.04582451977310579,3.6530406599189424,0.002719616531550888,0.1852346471617027,0.005871884162268335,3.1407191043173412,28,923,923,0,0.1956521739130435,0.8,0.8
284,raw_v2,2249038,747,0.0729089529871985,2.6165946404732603,0.009718241538961774,0.046511732446603365,0.0011794296124975668,3.563092376830876,154,593,593,0,0.0,1.0742931569019392,1.152706128001658
284,scout_v2,2249038,747,0.0729089529871985,2.6165946404732603,0.009718241538961774,0.046511732446603365,0.0011794296124975668,3.563092376830876,153,594,594,0,0.5,0.8,0.8
285,raw_v2,2256957,1096,0.09534685533867925,1.7766474943122437,0.006162134817629086,0.1875641359405376,0.005663763328125382,2.9250425971401994,34,1062,1062,0,0.0,1.4121542334868082,1.6189520951390337
285,scout_v2,2256957,1096,0.09534685533867925,1.7766474943122437,0.006162134817629086,0.1875641359405376,0.005663763328125382,2.9250425971401994,34,1062,1062,0,0.1694915254237288,0.8,0.8
286,raw_v2,2264876,1439,0.06733182077990384,2.693747857027957,0.008636115541488115,0.1307795998325638,0.013828079960441601,6.309421654837214,150,1289,1289,0,0.0,1.3357538884776192,2.0635514725984967
286,scout_v2,2264876,1439,0.06733182077990384,2.693747857027957,0.008636115541488115,0.1307795998325638,0.013828079960441601,6.309421654837214,151,1288,1288,0,0.5263157894736842,0.8,0.8
287,raw_v2,2272795,833,0.06175147762513522,3.928708851933955,0.00716207077751355,0.1682667768752916,0.007577965966745404,4.4470073184409,41,792,792,0,0.0,1.5252934860478145,2.2026158726846408
287,scout_v2,2272795,833,0.06175147762513522,3.928708851933955,0.00716207077751355,0.1682667768752916,0.007577965966745404,4.4470073184409,41,792,792,0,0.3709677419354839,0.8,0.8
288,raw_v2,2280714,1615,0.10622623216260715,1.846515617332706,0.017322755254964652,0.05815506007759337,0.010107454307709096,3.325448677086376,316,1299,1299,0,0.0,1.085026096798284,1.1564023599287392
288,scout_v2,2280714,1615,0.10622623216260715,1.846515617332706,0.017322755254964652,0.05815506007759337,0.010107454307709096,3.325448677086376,313,1302,1302,0,0.5029239766081871,0.8,0.8
289,raw_v2,2288633,1277,0.09842340895450002,1.9329540224652617,0.014224140172845757,0.10993766003855207,0.011113749006219089,4.891716814225109,167,1110,1110,0,0.0,1.2070345159680713,1.4186382055101734
289,scout_v2,2288633,1277,0.09842340895450002,1.9329540224652617,0.014224140172845757,0.10993766003855207,0.011113749006219089,4.891716814225109,169,1108,1108,0,0.4875,0.8,0.8
290,raw_v2,2296552,955,0.11996370396549443,2.9048373059124266,0.01792420225701049,0.10303310506532948,0.005437892685864336,3.1476504147226336,130,825,825,0,0.0,1.2600828929635723,1.519514547330321
290,scout_v2,2296552,955,0.11996370396549443,2.9048373059124266,0.01792420225701049,0.10303310506532948,0.005437892685864336,3.1476504147226336,131,824,824,0,0.5288461538461539,0.8,0.8
291,raw_v2,2304471,915,0.07681319082949467,3.389217842807545,0.008882772408774027,0.17485015394373293,0.0028066716133302028,4.923480084703874,38,877,877,0,0.0,1.526204536419562,2.161074149182533
291,scout_v2,2304471,915,0.07681319082949467,3.389217842807545,0.008882772408774027,0.17485015394373293,0.0028066716133302028,4.923480084703874,37,878,878,0,0.1935483870967742,0.8,0.8
292,raw_v2,2312390,1636,0.0876095952992918,2.0922942868801453,0.0020468719365987044,0.16953349039615478,0.010721466275207748,6.80538784926957,71,1565,1565,0,0.0,1.4144877789707833,2.511500239958862
292,scout_v2,2312390,1636,0.0876095952992918,2.0922942868801453,0.0020468719365987044,0.16953349039615478,0.010721466275207748,6.80538784926957,71,1565,1565,0,0.25663716814159293,0.8,0.8
293,raw_v2,2320309,801,0.11655301478319102,2.475921178368451,0.011253868309563066,0.1690054844467559,0.006760654710338971,3.1736227372325523,35,766,766,0,0.0,1.4545630666147562,1.8879847863721846
293,scout_v2,2320309,801,0.11655301478319102,2.475921178368451,0.011253868309563066,0.1690054844467559,0.006760654710338971,3.1736227372325523,35,766,766,0,0.2857142857142857,0.8,0.8
294,raw_v2,2328228,784,0.11769300063989359,3.6161483624186017,0.007660181170482727,0.1546540329335783,0.015551443746017806,3.4585739021737663,45,739,739,0,0.0,1.857520649643768,2.337896429426886
294,scout_v2,2328228,784,0.11769300063989359,3.6161483624186017,0.007660181170482727,0.1546540329335783,0.015551443746017806,3.4585739021737663,45,739,739,0,0.27941176470588236,0.8,0.8
295,raw_v2,2336147,1060,0.05806834115529337,3.284734088750076,0.010426351889127794,0.03253223723002749,0.009735093502374418,3.9196522741581363,238,822,822,0,0.0,1.0382679092869715,1.0801472974147208
295,scout_v2,2336147,1060,0.05806834115529337,3.284734088750076,0.010426351889127794,0.03253223723002749,0.009735093502374418,3.9196522741581363,238,822,822,0,0.5504587155963303,0.8,0.8
296,raw_v2,2344066,1258,0.044456441236831255,3.0013237052437245,0.005436128207037558,0.03214923907309722,0.008393071692079465,4.500757140368227,283,975,975,0,0.0,1.0417448366854478,1.0852704263470847
296,scout_v2,2344066,1258,0.044456441236831255,3.0013237052437245,0.005436128207037558,0.03214923907309722,0.008393071692079465,4.500757140368227,283,975,975,0,0.5461538461538461,0.8,0.8
297,raw_v2,2351985,1689,0.04757011675967575,2.0671377587387947,0.0031441228373678643,0.0990495419123901,0.011856991585472756,3.1554932347694518,251,1438,1438,0,0.0,1.1634892747563352,1.2849562288822964
297,scout_v2,2351985,1689,0.04757011675967575,2.0671377587387947,0.0031441228373678643,0.0990495419123901,0.011856991585472756,3.1554932347694518,250,1439,1439,0,0.5445026178010471,0.8,0.8
298,raw_v2,2359904,1286,0.056091740339004686,1.5490504957962643,0.0005172233053704911,0.1540393844287779,0.007713035062897635,2.4044830893565994,87,1199,1199,0,0.0,1.3012172001904245,1.448498030799683
298,scout_v2,2359904,1286,0.056091740339004686,1.5490504957962643,0.0005172233053704911,0.1540393844287779,0.007713035062897635,2.4044830893565994,89,1197,1197,0,0.3798449612403101,0.8,0.8
299,raw_v2,2367823,1572,0.041121314385871285,2.984441426000947,0.006465328042771706,0.13007249250689817,0.014155624458576085,4.472006174780279,165,1407,1407,0,0.0,1.292903094112586,1.839021417021458
299,scout_v2,2367823,1572,0.041121314385871285,2.984441426000947,0.006465328042771706,0.13007249250689817,0.014155624458576085,4.472006174780279,165,1407,1407,0,0.4946236559139785,0.8,0.8
