# SYNTHETIC stimuli; oes32_triage_accelerator vs double golden model; seed=20261002
step,scenario,has_packet,value,is_shock,reset_tau,route_fixed,route_golden,tau_fixed,tau_golden,abs_err,rate_limit_threshold,tau_sensitivity,tau_min,tau_max
0,init,0,0.00000000,0,0,none,none,1.00000000,1.00000000,0.000e+00,1.000000,1.000000,0.250000,4.000000
1,ramp_pos,1,0.00000000,0,0,primary,primary,1.00000000,1.00000000,0.000e+00,1.000000,1.000000,0.250000,4.000000
2,ramp_pos,1,0.00955200,0,0,primary,primary,1.00000000,1.00000000,0.000e+00,1.000000,1.000000,0.250000,4.000000
3,ramp_pos,1,0.01908875,0,0,primary,primary,1.00000000,1.00000000,0.000e+00,1.000000,1.000000,0.250000,4.000000
4,ramp_pos,1,0.02864075,0,0,primary,primary,1.00000000,1.00000000,0.000e+00,1.000000,1.000000,0.250000,4.000000
5,ramp_pos,1,0.03819275,0,0,primary,primary,1.00000000,1.00000000,0.000e+00,1.000000,1.000000,0.250000,4.000000
6,ramp_pos,1,0.04774475,0,0,primary,primary,1.00000000,1.00000000,0.000e+00,1.000000,1.000000,0.250000,4.000000
7,ramp_pos,1,0.05728149,0,0,primary,primary,1.00000000,1.00000000,0.000e+00,1.000000,1.000000,0.250000,4.000000
8,ramp_pos,1,0.06683350,0,0,primary,primary,1.00000000,1.00000000,0.000e+00,1.000000,1.000000,0.250000,4.000000
9,ramp_pos,1,0.07638550,0,0,primary,primary,1.00000000,1.00000000,0.000e+00,1.000000,1.000000,0.250000,4.000000
10,ramp_pos,1,0.08592224,0,0,primary,primary,1.00000000,1.00000000,0.000e+00,1.000000,1.000000,0.250000,4.000000
11,ramp_pos,1,0.09547424,0,0,primary,primary,1.00000000,1.00000000,0.000e+00,1.000000,1.000000,0.250000,4.000000
12,ramp_pos,1,0.10502625,0,0,primary,primary,1.00000000,1.00000000,0.000e+00,1.000000,1.000000,0.250000,4.000000
13,ramp_pos,1,0.11457825,0,0,primary,primary,1.00000000,1.00000000,0.000e+00,1.000000,1.000000,0.250000,4.000000
14,ramp_pos,1,0.12411499,0,0,primary,primary,1.00000000,1.00000000,0.000e+00,1.000000,1.000000,0.250000,4.000000
15,ramp_pos,1,0.13366699,0,0,primary,primary,1.00000000,1.00000000,0.000e+00,1.000000,1.000000,0.250000,4.000000
16,ramp_pos,1,0.14321899,0,0,primary,primary,1.00000000,1.00000000,0.000e+00,1.000000,1.000000,0.250000,4.000000
17,ramp_pos,1,0.15277100,0,0,primary,primary,1.00000000,1.00000000,0.000e+00,1.000000,1.000000,0.250000,4.000000
18,ramp_pos,1,0.16230774,0,0,primary,primary,1.00000000,1.00000000,0.000e+00,1.000000,1.000000,0.250000,4.000000
19,ramp_pos,1,0.17185974,0,0,primary,primary,1.00000000,1.00000000,0.000e+00,1.000000,1.000000,0.250000,4.000000
20,ramp_pos,1,0.18141174,0,0,primary,primary,1.00000000,1.00000000,0.000e+00,1.000000,1.000000,0.250000,4.000000
21,ramp_pos,1,0.19094849,0,0,primary,primary,1.00000000,1.00000000,0.000e+00,1.000000,1.000000,0.250000,4.000000
22,ramp_pos,1,0.20050049,0,0,primary,primary,1.00000000,1.00000000,0.000e+00,1.000000,1.000000,0.250000,4.000000
23,ramp_pos,1,0.21005249,0,0,primary,primary,1.00000000,1.00000000,0.000e+00,1.000000,1.000000,0.250000,4.000000
24,ramp_pos,1,0.21960449,0,0,primary,primary,1.00000000,1.00000000,0.000e+00,1.000000,1.000000,0.250000,4.000000
25,ramp_pos,1,0.22914124,0,0,primary,primary,1.00000000,1.00000000,0.000e+00,1.000000,1.000000,0.250000,4.000000
26,ramp_pos,1,0.23869324,0,0,primary,primary,1.00000000,1.00000000,0.000e+00,1.000000,1.000000,0.250000,4.000000
27,ramp_pos,1,0.24824524,0,0,primary,primary,1.00000000,1.00000000,0.000e+00,1.000000,1.000000,0.250000,4.000000
28,ramp_pos,1,0.25778198,0,0,primary,primary,1.00000000,1.00000000,0.000e+00,1.000000,1.000000,0.250000,4.000000
29,ramp_pos,1,0.26733398,0,0,primary,primary,1.00000000,1.00000000,0.000e+00,1.000000,1.000000,0.250000,4.000000
30,ramp_pos,1,0.27688599,0,0,primary,primary,1.00000000,1.00000000,0.000e+00,1.000000,1.000000,0.250000,4.000000
31,ramp_pos,1,0.28643799,0,0,primary,primary,1.00000000,1.00000000,0.000e+00,1.000000,1.000000,0.250000,4.000000
32,ramp_pos,1,0.29597473,0,0,primary,primary,1.00000000,1.00000000,0.000e+00,1.000000,1.000000,0.250000,4.000000
33,ramp_pos,1,0.30552673,0,0,primary,primary,1.00000000,1.00000000,0.000e+00,1.000000,1.000000,0.250000,4.000000
34,ramp_pos,1,0.31507874,0,0,primary,primary,1.00000000,1.00000000,0.000e+00,1.000000,1.000000,0.250000,4.000000
35,ramp_pos,1,0.32463074,0,0,primary,primary,1.00000000,1.00000000,0.000e+00,1.000000,1.000000,0.250000,4.000000
36,ramp_pos,1,0.33416748,0,0,primary,primary,1.00000000,1.00000000,0.000e+00,1.000000,1.000000,0.250000,4.000000
37,ramp_pos,1,0.34371948,0,0,primary,primary,1.00000000,1.00000000,0.000e+00,1.000000,1.000000,0.250000,4.000000
38,ramp_pos,1,0.35327148,0,0,primary,primary,1.00000000,1.00000000,0.000e+00,1.000000,1.000000,0.250000,4.000000
39,ramp_pos,1,0.36280823,0,0,primary,primary,1.00000000,1.00000000,0.000e+00,1.000000,1.000000,0.250000,4.000000
40,ramp_pos,1,0.37236023,0,0,primary,primary,1.00000000,1.00000000,0.000e+00,1.000000,1.000000,0.250000,4.000000
41,ramp_pos,1,0.38191223,0,0,primary,primary,1.00000000,1.00000000,0.000e+00,1.000000,1.000000,0.250000,4.000000
42,ramp_pos,1,0.39146423,0,0,primary,primary,1.00000000,1.00000000,0.000e+00,1.000000,1.000000,0.250000,4.000000
43,ramp_pos,1,0.40100098,0,0,primary,primary,1.00000000,1.00000000,0.000e+00,1.000000,1.000000,0.250000,4.000000
44,ramp_pos,1,0.41055298,0,0,primary,primary,1.00000000,1.00000000,0.000e+00,1.000000,1.000000,0.250000,4.000000
45,ramp_pos,1,0.42010498,0,0,primary,primary,1.00000000,1.00000000,0.000e+00,1.000000,1.000000,0.250000,4.000000
46,ramp_pos,1,0.42964172,0,0,primary,primary,1.00000000,1.00000000,0.000e+00,1.000000,1.000000,0.250000,4.000000
47,ramp_pos,1,0.43919373,0,0,primary,primary,1.00000000,1.00000000,0.000e+00,1.000000,1.000000,0.250000,4.000000
48,ramp_pos,1,0.44874573,0,0,primary,primary,1.00000000,1.00000000,0.000e+00,1.000000,1.000000,0.250000,4.000000
49,ramp_pos,1,0.45829773,0,0,primary,primary,1.00000000,1.00000000,0.000e+00,1.000000,1.000000,0.250000,4.000000
50,ramp_pos,1,0.46783447,0,0,primary,primary,1.00000000,1.00000000,0.000e+00,1.000000,1.000000,0.250000,4.000000
51,ramp_pos,1,0.47738647,0,0,primary,primary,1.00000000,1.00000000,0.000e+00,1.000000,1.000000,0.250000,4.000000
52,ramp_pos,1,0.48693848,0,0,primary,primary,1.00000000,1.00000000,0.000e+00,1.000000,1.000000,0.250000,4.000000
53,ramp_pos,1,0.49647522,0,0,primary,primary,1.00000000,1.00000000,0.000e+00,1.000000,1.000000,0.250000,4.000000
54,ramp_pos,1,0.50602722,0,0,primary,primary,1.00000000,1.00000000,0.000e+00,1.000000,1.000000,0.250000,4.000000
55,ramp_pos,1,0.51557922,0,0,primary,primary,1.00000000,1.00000000,0.000e+00,1.000000,1.000000,0.250000,4.000000
56,ramp_pos,1,0.52513123,0,0,primary,primary,1.00000000,1.00000000,0.000e+00,1.000000,1.000000,0.250000,4.000000
57,ramp_pos,1,0.53466797,0,0,primary,primary,1.00000000,1.00000000,0.000e+00,1.000000,1.000000,0.250000,4.000000
58,ramp_pos,1,0.54421997,0,0,primary,primary,1.00000000,1.00000000,0.000e+00,1.000000,1.000000,0.250000,4.000000
59,ramp_pos,1,0.55377197,0,0,primary,primary,1.00000000,1.00000000,0.000e+00,1.000000,1.000000,0.250000,4.000000
60,ramp_pos,1,0.56332397,0,0,primary,primary,1.00000000,1.00000000,0.000e+00,1.000000,1.000000,0.250000,4.000000
61,ramp_pos,1,0.57286072,0,0,primary,primary,1.00000000,1.00000000,0.000e+00,1.000000,1.000000,0.250000,4.000000
62,ramp_pos,1,0.58241272,0,0,primary,primary,1.00000000,1.00000000,0.000e+00,1.000000,1.000000,0.250000,4.000000
63,ramp_pos,1,0.59196472,0,0,primary,primary,1.00000000,1.00000000,0.000e+00,1.000000,1.000000,0.250000,4.000000
64,ramp_pos,1,0.60150146,0,0,primary,primary,1.00000000,1.00000000,0.000e+00,1.000000,1.000000,0.250000,4.000000
65,ramp_pos,1,0.61105347,0,0,primary,primary,1.00000000,1.00000000,0.000e+00,1.000000,1.000000,0.250000,4.000000
66,ramp_pos,1,0.62060547,0,0,primary,primary,1.00000000,1.00000000,0.000e+00,1.000000,1.000000,0.250000,4.000000
67,ramp_pos,1,0.63015747,0,0,primary,primary,1.00000000,1.00000000,0.000e+00,1.000000,1.000000,0.250000,4.000000
68,ramp_pos,1,0.63969421,0,0,primary,primary,1.00000000,1.00000000,0.000e+00,1.000000,1.000000,0.250000,4.000000
69,ramp_pos,1,0.64924622,0,0,primary,primary,1.00000000,1.00000000,0.000e+00,1.000000,1.000000,0.250000,4.000000
70,ramp_pos,1,0.65879822,0,0,primary,primary,1.00000000,1.00000000,0.000e+00,1.000000,1.000000,0.250000,4.000000
71,ramp_pos,1,0.66833496,0,0,primary,primary,1.00000000,1.00000000,0.000e+00,1.000000,1.000000,0.250000,4.000000
72,ramp_pos,1,0.67788696,0,0,primary,primary,1.00000000,1.00000000,0.000e+00,1.000000,1.000000,0.250000,4.000000
73,ramp_pos,1,0.68743896,0,0,primary,primary,1.00000000,1.00000000,0.000e+00,1.000000,1.000000,0.250000,4.000000
74,ramp_pos,1,0.69699097,0,0,primary,primary,1.00000000,1.00000000,0.000e+00,1.000000,1.000000,0.250000,4.000000
75,ramp_pos,1,0.70652771,0,0,primary,primary,1.00000000,1.00000000,0.000e+00,1.000000,1.000000,0.250000,4.000000
76,ramp_pos,1,0.71607971,0,0,primary,primary,1.00000000,1.00000000,0.000e+00,1.000000,1.000000,0.250000,4.000000
77,ramp_pos,1,0.72563171,0,0,primary,primary,1.00000000,1.00000000,0.000e+00,1.000000,1.000000,0.250000,4.000000
78,ramp_pos,1,0.73516846,0,0,primary,primary,1.00000000,1.00000000,0.000e+00,1.000000,1.000000,0.250000,4.000000
79,ramp_pos,1,0.74472046,0,0,primary,primary,1.00000000,1.00000000,0.000e+00,1.000000,1.000000,0.250000,4.000000
80,ramp_pos,1,0.75427246,0,0,primary,primary,1.00000000,1.00000000,0.000e+00,1.000000,1.000000,0.250000,4.000000
81,ramp_pos,1,0.76382446,0,0,primary,primary,1.00000000,1.00000000,0.000e+00,1.000000,1.000000,0.250000,4.000000
82,ramp_pos,1,0.77336121,0,0,primary,primary,1.00000000,1.00000000,0.000e+00,1.000000,1.000000,0.250000,4.000000
83,ramp_pos,1,0.78291321,0,0,primary,primary,1.00000000,1.00000000,0.000e+00,1.000000,1.000000,0.250000,4.000000
84,ramp_pos,1,0.79246521,0,0,primary,primary,1.00000000,1.00000000,0.000e+00,1.000000,1.000000,0.250000,4.000000
85,ramp_pos,1,0.80201721,0,0,primary,primary,1.00000000,1.00000000,0.000e+00,1.000000,1.000000,0.250000,4.000000
86,ramp_pos,1,0.81155396,0,0,primary,primary,1.00000000,1.00000000,0.000e+00,1.000000,1.000000,0.250000,4.000000
87,ramp_pos,1,0.82110596,0,0,primary,primary,1.00000000,1.00000000,0.000e+00,1.000000,1.000000,0.250000,4.000000
88,ramp_pos,1,0.83065796,0,0,primary,primary,1.00000000,1.00000000,0.000e+00,1.000000,1.000000,0.250000,4.000000
89,ramp_pos,1,0.84019470,0,0,primary,primary,1.00000000,1.00000000,0.000e+00,1.000000,1.000000,0.250000,4.000000
90,ramp_pos,1,0.84974670,0,0,primary,primary,1.00000000,1.00000000,0.000e+00,1.000000,1.000000,0.250000,4.000000
91,ramp_pos,1,0.85929871,0,0,primary,primary,1.00000000,1.00000000,0.000e+00,1.000000,1.000000,0.250000,4.000000
92,ramp_pos,1,0.86885071,0,0,primary,primary,1.00000000,1.00000000,0.000e+00,1.000000,1.000000,0.250000,4.000000
93,ramp_pos,1,0.87838745,0,0,primary,primary,1.00000000,1.00000000,0.000e+00,1.000000,1.000000,0.250000,4.000000
94,ramp_pos,1,0.88793945,0,0,primary,primary,1.00000000,1.00000000,0.000e+00,1.000000,1.000000,0.250000,4.000000
95,ramp_pos,1,0.89749146,0,0,primary,primary,1.00000000,1.00000000,0.000e+00,1.000000,1.000000,0.250000,4.000000
96,ramp_pos,1,0.90702820,0,0,primary,primary,1.00000000,1.00000000,0.000e+00,1.000000,1.000000,0.250000,4.000000
97,ramp_pos,1,0.91658020,0,0,primary,primary,1.00000000,1.00000000,0.000e+00,1.000000,1.000000,0.250000,4.000000
98,ramp_pos,1,0.92613220,0,0,primary,primary,1.00000000,1.00000000,0.000e+00,1.000000,1.000000,0.250000,4.000000
99,ramp_pos,1,0.93568420,0,0,primary,primary,1.00000000,1.00000000,0.000e+00,1.000000,1.000000,0.250000,4.000000
100,ramp_pos,1,0.94522095,0,0,primary,primary,1.00000000,1.00000000,0.000e+00,1.000000,1.000000,0.250000,4.000000
101,ramp_pos,1,0.95477295,0,0,primary,primary,1.00000000,1.00000000,0.000e+00,1.000000,1.000000,0.250000,4.000000
102,ramp_pos,1,0.96432495,0,0,primary,primary,1.00000000,1.00000000,0.000e+00,1.000000,1.000000,0.250000,4.000000
103,ramp_pos,1,0.97387695,0,0,primary,primary,1.00000000,1.00000000,0.000e+00,1.000000,1.000000,0.250000,4.000000
104,ramp_pos,1,0.98341370,0,0,primary,primary,1.00000000,1.00000000,0.000e+00,1.000000,1.000000,0.250000,4.000000
105,ramp_pos,1,0.99296570,0,0,primary,primary,1.00000000,1.00000000,0.000e+00,1.000000,1.000000,0.250000,4.000000
106,ramp_pos,1,1.00251770,0,0,residual,residual,0.99981689,0.99984264,2.575e-05,1.000000,1.000000,0.250000,4.000000
107,ramp_pos,1,1.01205444,0,0,residual,residual,0.99908447,0.99909919,1.472e-05,1.000000,1.000000,0.250000,4.000000
108,ramp_pos,1,1.02160645,0,0,residual,residual,0.99780273,0.99780631,3.574e-06,1.000000,1.000000,0.250000,4.000000
109,ramp_pos,1,1.03115845,0,0,residual,residual,0.99597168,0.99600028,2.860e-05,1.000000,1.000000,0.250000,4.000000
110,ramp_pos,1,1.04071045,0,0,residual,residual,0.99371338,0.99371604,2.660e-06,1.000000,1.000000,0.250000,4.000000
111,ramp_pos,1,1.05024719,0,0,residual,residual,0.99096680,0.99098807,2.127e-05,1.000000,1.000000,0.250000,4.000000
112,ramp_pos,1,1.05979919,0,0,residual,residual,0.98785400,0.98784755,6.455e-06,1.000000,1.000000,0.250000,4.000000
113,ramp_pos,1,1.06935120,0,0,residual,residual,0.98431396,0.98432530,1.134e-05,1.000000,1.000000,0.250000,4.000000
114,ramp_pos,1,1.07888794,0,0,residual,residual,0.98046875,0.98045176,1.699e-05,1.000000,1.000000,0.250000,4.000000
115,ramp_pos,1,1.08843994,0,0,residual,residual,0.97625732,0.97625408,3.244e-06,1.000000,1.000000,0.250000,4.000000
116,ramp_pos,1,1.09799194,0,0,residual,residual,0.97174072,0.97175914,1.841e-05,1.000000,1.000000,0.250000,4.000000
117,ramp_pos,1,1.10754395,0,0,residual,residual,0.96697998,0.96699251,1.253e-05,1.000000,1.000000,0.250000,4.000000
118,ramp_pos,1,1.11708069,0,0,residual,residual,0.96197510,0.96197947,4.374e-06,1.000000,1.000000,0.250000,4.000000
119,ramp_pos,1,1.12663269,0,0,residual,residual,0.95672607,0.95674213,1.605e-05,1.000000,1.000000,0.250000,4.000000
120,ramp_pos,1,1.13618469,0,0,residual,residual,0.95129395,0.95130239,8.447e-06,1.000000,1.000000,0.250000,4.000000
121,ramp_pos,1,1.14572144,0,0,residual,residual,0.94567871,0.94568192,3.210e-06,1.000000,1.000000,0.250000,4.000000
122,ramp_pos,1,1.15527344,0,0,residual,residual,0.93988037,0.93989935,1.897e-05,1.000000,1.000000,0.250000,4.000000
123,ramp_pos,1,1.16482544,0,0,residual,residual,0.93395996,0.93397318,1.322e-05,1.000000,1.000000,0.250000,4.000000
124,ramp_pos,1,1.17437744,0,0,residual,residual,0.92791748,0.92792086,3.384e-06,1.000000,1.000000,0.250000,4.000000
125,ramp_pos,1,1.18391418,0,0,residual,residual,0.92175293,0.92175970,6.767e-06,1.000000,1.000000,0.250000,4.000000
126,ramp_pos,1,1.19346619,0,0,residual,residual,0.91552734,0.91550413,2.321e-05,1.000000,1.000000,0.250000,4.000000
127,ramp_pos,1,1.20301819,0,0,residual,residual,0.90917969,0.90916863,1.106e-05,1.000000,1.000000,0.250000,4.000000
128,ramp_pos,1,1.21257019,0,0,residual,residual,0.90277100,0.90276670,4.294e-06,1.000000,1.000000,0.250000,4.000000
129,ramp_pos,1,1.22210693,0,0,residual,residual,0.89630127,0.89631186,1.059e-05,1.000000,1.000000,0.250000,4.000000
130,ramp_pos,1,1.23165894,0,0,residual,residual,0.88983154,0.88981495,1.659e-05,1.000000,1.000000,0.250000,4.000000
131,ramp_pos,1,1.24121094,0,0,residual,residual,0.88330078,0.88328695,1.383e-05,1.000000,1.000000,0.250000,4.000000
132,ramp_pos,1,1.25074768,0,0,residual,residual,0.87677002,0.87673888,3.114e-05,1.000000,1.000000,0.250000,4.000000
133,ramp_pos,1,1.26029968,0,0,residual,residual,0.87017822,0.87017927,1.051e-06,1.000000,1.000000,0.250000,4.000000
134,ramp_pos,1,1.26985168,0,0,residual,residual,0.86358643,0.86361686,3.043e-05,1.000000,1.000000,0.250000,4.000000
135,ramp_pos,1,1.27940369,0,0,residual,residual,0.85705566,0.85705970,4.034e-06,1.000000,1.000000,0.250000,4.000000
136,ramp_pos,1,1.28894043,0,0,residual,residual,0.85052490,0.85051602,8.885e-06,1.000000,1.000000,0.250000,4.000000
137,ramp_pos,1,1.29849243,0,0,residual,residual,0.84399414,0.84399173,2.412e-06,1.000000,1.000000,0.250000,4.000000
138,ramp_pos,1,1.30804443,0,0,residual,residual,0.83752441,0.83749306,3.135e-05,1.000000,1.000000,0.250000,4.000000
139,ramp_pos,1,1.31758118,0,0,residual,residual,0.83105469,0.83102649,2.819e-05,1.000000,1.000000,0.250000,4.000000
140,ramp_pos,1,1.32713318,0,0,residual,residual,0.82464600,0.82459632,4.968e-05,1.000000,1.000000,0.250000,4.000000
141,ramp_pos,1,1.33668518,0,0,residual,residual,0.81823730,0.81820721,3.009e-05,1.000000,1.000000,0.250000,4.000000
142,ramp_pos,1,1.34623718,0,0,residual,residual,0.81188965,0.81186340,2.625e-05,1.000000,1.000000,0.250000,4.000000
143,ramp_pos,1,1.35577393,0,0,residual,residual,0.80560303,0.80556945,3.358e-05,1.000000,1.000000,0.250000,4.000000
144,ramp_pos,1,1.36532593,0,0,residual,residual,0.79937744,0.79932790,4.955e-05,1.000000,1.000000,0.250000,4.000000
145,ramp_pos,1,1.37487793,0,0,residual,residual,0.79321289,0.79314175,7.114e-05,1.000000,1.000000,0.250000,4.000000
146,ramp_pos,1,1.38441467,0,0,residual,residual,0.78710938,0.78701444,9.494e-05,1.000000,1.000000,0.250000,4.000000
147,ramp_pos,1,1.39396667,0,0,residual,residual,0.78100586,0.78094744,5.842e-05,1.000000,1.000000,0.250000,4.000000
148,ramp_pos,1,1.40351868,0,0,residual,residual,0.77502441,0.77494280,8.162e-05,1.000000,1.000000,0.250000,4.000000
149,ramp_pos,1,1.41307068,0,0,residual,residual,0.76910400,0.76900224,1.018e-04,1.000000,1.000000,0.250000,4.000000
150,ramp_pos,1,1.42260742,0,0,residual,residual,0.76324463,0.76312797,1.167e-04,1.000000,1.000000,0.250000,4.000000
151,ramp_pos,1,1.43215942,0,0,residual,residual,0.75744629,0.75732041,1.259e-04,1.000000,1.000000,0.250000,4.000000
152,ramp_pos,1,1.44171143,0,0,residual,residual,0.75170898,0.75158057,1.284e-04,1.000000,1.000000,0.250000,4.000000
153,ramp_pos,1,1.45126343,0,0,residual,residual,0.74603271,0.74590923,1.235e-04,1.000000,1.000000,0.250000,4.000000
154,ramp_pos,1,1.46080017,0,0,residual,residual,0.74041748,0.74030771,1.098e-04,1.000000,1.000000,0.250000,4.000000
155,ramp_pos,1,1.47035217,0,0,residual,residual,0.73486328,0.73477565,8.764e-05,1.000000,1.000000,0.250000,4.000000
156,ramp_pos,1,1.47990417,0,0,residual,residual,0.72937012,0.72931330,5.682e-05,1.000000,1.000000,0.250000,4.000000
157,ramp_pos,1,1.48944092,0,0,residual,residual,0.72399902,0.72392148,7.754e-05,1.000000,1.000000,0.250000,4.000000
158,ramp_pos,1,1.49899292,0,0,residual,residual,0.71868896,0.71859941,8.956e-05,1.000000,1.000000,0.250000,4.000000
159,ramp_pos,1,1.50854492,0,0,residual,residual,0.71343994,0.71334694,9.300e-05,1.000000,1.000000,0.250000,4.000000
160,ramp_pos,1,1.51809692,0,0,residual,residual,0.70825195,0.70816383,8.812e-05,1.000000,1.000000,0.250000,4.000000
161,ramp_pos,1,1.52763367,0,0,residual,residual,0.70312500,0.70305040,7.460e-05,1.000000,1.000000,0.250000,4.000000
162,ramp_pos,1,1.53718567,0,0,residual,residual,0.69805908,0.69800546,5.362e-05,1.000000,1.000000,0.250000,4.000000
163,ramp_pos,1,1.54673767,0,0,residual,residual,0.69305420,0.69302850,2.570e-05,1.000000,1.000000,0.250000,4.000000
164,ramp_pos,1,1.55627441,0,0,residual,residual,0.68817139,0.68811959,5.179e-05,1.000000,1.000000,0.250000,4.000000
165,ramp_pos,1,1.56582642,0,0,residual,residual,0.68334961,0.68327735,7.226e-05,1.000000,1.000000,0.250000,4.000000
166,ramp_pos,1,1.57537842,0,0,residual,residual,0.67858887,0.67850108,8.779e-05,1.000000,1.000000,0.250000,4.000000
167,ramp_pos,1,1.58493042,0,0,residual,residual,0.67388916,0.67379002,9.914e-05,1.000000,1.000000,0.250000,4.000000
168,ramp_pos,1,1.59446716,0,0,residual,residual,0.66925049,0.66914401,1.065e-04,1.000000,1.000000,0.250000,4.000000
169,ramp_pos,1,1.60401917,0,0,residual,residual,0.66467285,0.66456152,1.113e-04,1.000000,1.000000,0.250000,4.000000
170,ramp_pos,1,1.61357117,0,0,residual,residual,0.66015625,0.66004169,1.146e-04,1.000000,1.000000,0.250000,4.000000
171,ramp_pos,1,1.62312317,0,0,residual,residual,0.65570068,0.65558363,1.171e-04,1.000000,1.000000,0.250000,4.000000
172,ramp_pos,1,1.63265991,0,0,residual,residual,0.65130615,0.65118706,1.191e-04,1.000000,1.000000,0.250000,4.000000
173,ramp_pos,1,1.64221191,0,0,residual,residual,0.64697266,0.64685037,1.223e-04,1.000000,1.000000,0.250000,4.000000
174,ramp_pos,1,1.65176392,0,0,residual,residual,0.64270020,0.64257261,1.276e-04,1.000000,1.000000,0.250000,4.000000
175,ramp_pos,1,1.66130066,0,0,residual,residual,0.63848877,0.63835347,1.353e-04,1.000000,1.000000,0.250000,4.000000
176,ramp_pos,1,1.67085266,0,0,residual,residual,0.63433838,0.63419130,1.471e-04,1.000000,1.000000,0.250000,4.000000
177,ramp_pos,1,1.68040466,0,0,residual,residual,0.63018799,0.63008518,1.028e-04,1.000000,1.000000,0.250000,4.000000
178,ramp_pos,1,1.68995667,0,0,residual,residual,0.62609863,0.62603414,6.450e-05,1.000000,1.000000,0.250000,4.000000
179,ramp_pos,1,1.69949341,0,0,residual,residual,0.62207031,0.62203783,3.248e-05,1.000000,1.000000,0.250000,4.000000
180,ramp_pos,1,1.70904541,0,0,residual,residual,0.61810303,0.61809465,8.377e-06,1.000000,1.000000,0.250000,4.000000
181,ramp_pos,1,1.71859741,0,0,residual,residual,0.61419678,0.61420366,6.881e-06,1.000000,1.000000,0.250000,4.000000
182,ramp_pos,1,1.72813416,0,0,residual,residual,0.61035156,0.61036451,1.295e-05,1.000000,1.000000,0.250000,4.000000
183,ramp_pos,1,1.73768616,0,0,residual,residual,0.60656738,0.60657564,8.258e-06,1.000000,1.000000,0.250000,4.000000
184,ramp_pos,1,1.74723816,0,0,residual,residual,0.60284424,0.60283613,8.104e-06,1.000000,1.000000,0.250000,4.000000
185,ramp_pos,1,1.75679016,0,0,residual,residual,0.59918213,0.59914510,3.703e-05,1.000000,1.000000,0.250000,4.000000
186,ramp_pos,1,1.76632690,0,0,residual,residual,0.59552002,0.59550222,1.780e-05,1.000000,1.000000,0.250000,4.000000
187,ramp_pos,1,1.77587891,0,0,residual,residual,0.59191895,0.59190598,1.297e-05,1.000000,1.000000,0.250000,4.000000
188,ramp_pos,1,1.78543091,0,0,residual,residual,0.58837891,0.58835553,2.338e-05,1.000000,1.000000,0.250000,4.000000
189,ramp_pos,1,1.79496765,0,0,residual,residual,0.58489990,0.58485058,4.932e-05,1.000000,1.000000,0.250000,4.000000
190,ramp_pos,1,1.80451965,0,0,residual,residual,0.58142090,0.58138968,3.122e-05,1.000000,1.000000,0.250000,4.000000
191,ramp_pos,1,1.81407166,0,0,residual,residual,0.57800293,0.57797202,3.091e-05,1.000000,1.000000,0.250000,4.000000
192,ramp_pos,1,1.82362366,0,0,residual,residual,0.57464600,0.57459681,4.919e-05,1.000000,1.000000,0.250000,4.000000
193,ramp_pos,1,1.83316040,0,0,residual,residual,0.57128906,0.57126380,2.526e-05,1.000000,1.000000,0.250000,4.000000
194,ramp_pos,1,1.84271240,0,0,residual,residual,0.56799316,0.56797162,2.154e-05,1.000000,1.000000,0.250000,4.000000
195,ramp_pos,1,1.85226440,0,0,residual,residual,0.56475830,0.56471952,3.878e-05,1.000000,1.000000,0.250000,4.000000
196,ramp_pos,1,1.86181641,0,0,residual,residual,0.56152344,0.56150676,1.667e-05,1.000000,1.000000,0.250000,4.000000
197,ramp_pos,1,1.87135315,0,0,residual,residual,0.55834961,0.55833317,1.644e-05,1.000000,1.000000,0.250000,4.000000
198,ramp_pos,1,1.88090515,0,0,residual,residual,0.55523682,0.55519744,3.938e-05,1.000000,1.000000,0.250000,4.000000
199,ramp_pos,1,1.89045715,0,0,residual,residual,0.55212402,0.55209888,2.514e-05,1.000000,1.000000,0.250000,4.000000
200,ramp_pos,1,1.89999390,0,0,residual,residual,0.54907227,0.54903735,3.492e-05,1.000000,1.000000,0.250000,4.000000
201,ramp_neg,1,0.00000000,0,0,primary,primary,0.57727051,0.57722251,4.799e-05,1.000000,1.000000,0.250000,4.000000
202,ramp_neg,1,-0.00955200,0,0,primary,primary,0.60369873,0.60364611,5.262e-05,1.000000,1.000000,0.250000,4.000000
203,ramp_neg,1,-0.01908875,0,0,primary,primary,0.62847900,0.62841822,6.078e-05,1.000000,1.000000,0.250000,4.000000
204,ramp_neg,1,-0.02864075,0,0,primary,primary,0.65167236,0.65164209,3.028e-05,1.000000,1.000000,0.250000,4.000000
205,ramp_neg,1,-0.03819275,0,0,primary,primary,0.67346191,0.67341446,4.746e-05,1.000000,1.000000,0.250000,4.000000
206,ramp_neg,1,-0.04774475,0,0,primary,primary,0.69384766,0.69382605,2.160e-05,1.000000,1.000000,0.250000,4.000000
207,ramp_neg,1,-0.05728149,0,0,primary,primary,0.71301270,0.71296192,5.077e-05,1.000000,1.000000,0.250000,4.000000
208,ramp_neg,1,-0.06683350,0,0,primary,primary,0.73095703,0.73090180,5.523e-05,1.000000,1.000000,0.250000,4.000000
209,ramp_neg,1,-0.07638550,0,0,primary,primary,0.74780273,0.74772044,8.229e-05,1.000000,1.000000,0.250000,4.000000
210,ramp_neg,1,-0.08592224,0,0,primary,primary,0.76354980,0.76348791,6.189e-05,1.000000,1.000000,0.250000,4.000000
211,ramp_neg,1,-0.09547424,0,0,primary,primary,0.77832031,0.77826992,5.039e-05,1.000000,1.000000,0.250000,4.000000
212,ramp_neg,1,-0.10502625,0,0,primary,primary,0.79217529,0.79212805,4.724e-05,1.000000,1.000000,0.250000,4.000000
213,ramp_neg,1,-0.11457825,0,0,primary,primary,0.80517578,0.80512005,5.574e-05,1.000000,1.000000,0.250000,4.000000
214,ramp_neg,1,-0.12411499,0,0,primary,primary,0.81738281,0.81730004,8.277e-05,1.000000,1.000000,0.250000,4.000000
215,ramp_neg,1,-0.13366699,0,0,primary,primary,0.82879639,0.82871879,7.760e-05,1.000000,1.000000,0.250000,4.000000
216,ramp_neg,1,-0.14321899,0,0,primary,primary,0.83947754,0.83942387,5.367e-05,1.000000,1.000000,0.250000,4.000000
217,ramp_neg,1,-0.15277100,0,0,primary,primary,0.84948730,0.84945987,2.743e-05,1.000000,1.000000,0.250000,4.000000
218,ramp_neg,1,-0.16230774,0,0,primary,primary,0.85888672,0.85886863,1.809e-05,1.000000,1.000000,0.250000,4.000000
219,ramp_neg,1,-0.17185974,0,0,primary,primary,0.86773682,0.86768934,4.747e-05,1.000000,1.000000,0.250000,4.000000
220,ramp_neg,1,-0.18141174,0,0,primary,primary,0.87597656,0.87595876,1.780e-05,1.000000,1.000000,0.250000,4.000000
221,ramp_neg,1,-0.19094849,0,0,primary,primary,0.88372803,0.88371134,1.669e-05,1.000000,1.000000,0.250000,4.000000
222,ramp_neg,1,-0.20050049,0,0,primary,primary,0.89099121,0.89097938,1.183e-05,1.000000,1.000000,0.250000,4.000000
223,ramp_neg,1,-0.21005249,0,0,primary,primary,0.89782715,0.89779317,3.398e-05,1.000000,1.000000,0.250000,4.000000
224,ramp_neg,1,-0.21960449,0,0,primary,primary,0.90423584,0.90418109,5.475e-05,1.000000,1.000000,0.250000,4.000000
225,ramp_neg,1,-0.22914124,0,0,primary,primary,0.91021729,0.91016978,4.751e-05,1.000000,1.000000,0.250000,4.000000
226,ramp_neg,1,-0.23869324,0,0,primary,primary,0.91583252,0.91578416,4.836e-05,1.000000,1.000000,0.250000,4.000000
227,ramp_neg,1,-0.24824524,0,0,primary,primary,0.92108154,0.92104765,3.389e-05,1.000000,1.000000,0.250000,4.000000
228,ramp_neg,1,-0.25778198,0,0,primary,primary,0.92602539,0.92598218,4.321e-05,1.000000,1.000000,0.250000,4.000000
229,ramp_neg,1,-0.26733398,0,0,primary,primary,0.93066406,0.93060829,5.577e-05,1.000000,1.000000,0.250000,4.000000
230,ramp_neg,1,-0.27688599,0,0,primary,primary,0.93499756,0.93494527,5.229e-05,1.000000,1.000000,0.250000,4.000000
231,ramp_neg,1,-0.28643799,0,0,primary,primary,0.93908691,0.93901119,7.572e-05,1.000000,1.000000,0.250000,4.000000
232,ramp_neg,1,-0.29597473,0,0,primary,primary,0.94287109,0.94282299,4.810e-05,1.000000,1.000000,0.250000,4.000000
233,ramp_neg,1,-0.30552673,0,0,primary,primary,0.94647217,0.94639656,7.561e-05,1.000000,1.000000,0.250000,4.000000
234,ramp_neg,1,-0.31507874,0,0,primary,primary,0.94982910,0.94974677,8.233e-05,1.000000,1.000000,0.250000,4.000000
235,ramp_neg,1,-0.32463074,0,0,primary,primary,0.95294189,0.95288760,5.430e-05,1.000000,1.000000,0.250000,4.000000
236,ramp_neg,1,-0.33416748,0,0,primary,primary,0.95587158,0.95583212,3.946e-05,1.000000,1.000000,0.250000,4.000000
237,ramp_neg,1,-0.34371948,0,0,primary,primary,0.95861816,0.95859262,2.555e-05,1.000000,1.000000,0.250000,4.000000
238,ramp_neg,1,-0.35327148,0,0,primary,primary,0.96118164,0.96118058,1.064e-06,1.000000,1.000000,0.250000,4.000000
239,ramp_neg,1,-0.36280823,0,0,primary,primary,0.96362305,0.96360679,1.626e-05,1.000000,1.000000,0.250000,4.000000
240,ramp_neg,1,-0.37236023,0,0,primary,primary,0.96588135,0.96588137,1.858e-08,1.000000,1.000000,0.250000,4.000000
241,ramp_neg,1,-0.38191223,0,0,primary,primary,0.96801758,0.96801378,3.797e-06,1.000000,1.000000,0.250000,4.000000
242,ramp_neg,1,-0.39146423,0,0,primary,primary,0.97003174,0.97001292,1.882e-05,1.000000,1.000000,0.250000,4.000000
243,ramp_neg,1,-0.40100098,0,0,primary,primary,0.97192383,0.97188711,3.672e-05,1.000000,1.000000,0.250000,4.000000
244,ramp_neg,1,-0.41055298,0,0,primary,primary,0.97369385,0.97364417,4.968e-05,1.000000,1.000000,0.250000,4.000000
245,ramp_neg,1,-0.42010498,0,0,primary,primary,0.97534180,0.97529141,5.039e-05,1.000000,1.000000,0.250000,4.000000
246,ramp_neg,1,-0.42964172,0,0,primary,primary,0.97686768,0.97683569,3.198e-05,1.000000,1.000000,0.250000,4.000000
247,ramp_neg,1,-0.43919373,0,0,primary,primary,0.97833252,0.97828346,4.906e-05,1.000000,1.000000,0.250000,4.000000
248,ramp_neg,1,-0.44874573,0,0,primary,primary,0.97967529,0.97964075,3.455e-05,1.000000,1.000000,0.250000,4.000000
249,ramp_neg,1,-0.45829773,0,0,primary,primary,0.98095703,0.98091320,4.383e-05,1.000000,1.000000,0.250000,4.000000
250,ramp_neg,1,-0.46783447,0,0,primary,primary,0.98217773,0.98210613,7.161e-05,1.000000,1.000000,0.250000,4.000000
251,ramp_neg,1,-0.47738647,0,0,primary,primary,0.98327637,0.98322449,5.187e-05,1.000000,1.000000,0.250000,4.000000
252,ramp_neg,1,-0.48693848,0,0,primary,primary,0.98431396,0.98427296,4.100e-05,1.000000,1.000000,0.250000,4.000000
253,ramp_neg,1,-0.49647522,0,0,primary,primary,0.98529053,0.98525590,3.463e-05,1.000000,1.000000,0.250000,4.000000
254,ramp_neg,1,-0.50602722,0,0,primary,primary,0.98620605,0.98617741,2.865e-05,1.000000,1.000000,0.250000,4.000000
255,ramp_neg,1,-0.51557922,0,0,primary,primary,0.98706055,0.98704132,1.923e-05,1.000000,1.000000,0.250000,4.000000
256,ramp_neg,1,-0.52513123,0,0,primary,primary,0.98785400,0.98785124,2.767e-06,1.000000,1.000000,0.250000,4.000000
257,ramp_neg,1,-0.53466797,0,0,primary,primary,0.98858643,0.98861053,2.411e-05,1.000000,1.000000,0.250000,4.000000
258,ramp_neg,1,-0.54421997,0,0,primary,primary,0.98931885,0.98932238,3.529e-06,1.000000,1.000000,0.250000,4.000000
259,ramp_neg,1,-0.55377197,0,0,primary,primary,0.98999023,0.98998973,5.065e-07,1.000000,1.000000,0.250000,4.000000
260,ramp_neg,1,-0.56332397,0,0,primary,primary,0.99060059,0.99061537,1.478e-05,1.000000,1.000000,0.250000,4.000000
261,ramp_neg,1,-0.57286072,0,0,primary,primary,0.99121094,0.99120191,9.028e-06,1.000000,1.000000,0.250000,4.000000
262,ramp_neg,1,-0.58241272,0,0,primary,primary,0.99176025,0.99175179,8.464e-06,1.000000,1.000000,0.250000,4.000000
263,ramp_neg,1,-0.59196472,0,0,primary,primary,0.99224854,0.99226730,1.877e-05,1.000000,1.000000,0.250000,4.000000
264,ramp_neg,1,-0.60150146,0,0,primary,primary,0.99273682,0.99275060,1.378e-05,1.000000,1.000000,0.250000,4.000000
265,ramp_neg,1,-0.61105347,0,0,primary,primary,0.99316406,0.99320368,3.962e-05,1.000000,1.000000,0.250000,4.000000
266,ramp_neg,1,-0.62060547,0,0,primary,primary,0.99359131,0.99362845,3.715e-05,1.000000,1.000000,0.250000,4.000000
267,ramp_neg,1,-0.63015747,0,0,primary,primary,0.99401855,0.99402668,8.121e-06,1.000000,1.000000,0.250000,4.000000
268,ramp_neg,1,-0.63969421,0,0,primary,primary,0.99438477,0.99440001,1.524e-05,1.000000,1.000000,0.250000,4.000000
269,ramp_neg,1,-0.64924622,0,0,primary,primary,0.99475098,0.99475001,9.686e-07,1.000000,1.000000,0.250000,4.000000
270,ramp_neg,1,-0.65879822,0,0,primary,primary,0.99505615,0.99507813,2.198e-05,1.000000,1.000000,0.250000,4.000000
271,ramp_neg,1,-0.66833496,0,0,primary,primary,0.99536133,0.99538575,2.442e-05,1.000000,1.000000,0.250000,4.000000
272,ramp_neg,1,-0.67788696,0,0,primary,primary,0.99566650,0.99567414,7.636e-06,1.000000,1.000000,0.250000,4.000000
273,ramp_neg,1,-0.68743896,0,0,primary,primary,0.99591064,0.99594451,3.386e-05,1.000000,1.000000,0.250000,4.000000
274,ramp_neg,1,-0.69699097,0,0,primary,primary,0.99615479,0.99619797,4.319e-05,1.000000,1.000000,0.250000,4.000000
275,ramp_neg,1,-0.70652771,0,0,primary,primary,0.99639893,0.99643560,3.668e-05,1.000000,1.000000,0.250000,4.000000
276,ramp_neg,1,-0.71607971,0,0,primary,primary,0.99664307,0.99665838,1.531e-05,1.000000,1.000000,0.250000,4.000000
277,ramp_neg,1,-0.72563171,0,0,primary,primary,0.99682617,0.99686723,4.106e-05,1.000000,1.000000,0.250000,4.000000
278,ramp_neg,1,-0.73516846,0,0,primary,primary,0.99700928,0.99706303,5.375e-05,1.000000,1.000000,0.250000,4.000000
279,ramp_neg,1,-0.74472046,0,0,primary,primary,0.99719238,0.99724659,5.420e-05,1.000000,1.000000,0.250000,4.000000
280,ramp_neg,1,-0.75427246,0,0,primary,primary,0.99737549,0.99741867,4.319e-05,1.000000,1.000000,0.250000,4.000000
281,ramp_neg,1,-0.76382446,0,0,primary,primary,0.99755859,0.99758001,2.141e-05,1.000000,1.000000,0.250000,4.000000
282,ramp_neg,1,-0.77336121,0,0,primary,primary,0.99774170,0.99773126,1.044e-05,1.000000,1.000000,0.250000,4.000000
283,ramp_neg,1,-0.78291321,0,0,primary,primary,0.99786377,0.99787305,9.284e-06,1.000000,1.000000,0.250000,4.000000
284,ramp_neg,1,-0.79246521,0,0,primary,primary,0.99798584,0.99800599,2.015e-05,1.000000,1.000000,0.250000,4.000000
285,ramp_neg,1,-0.80201721,0,0,primary,primary,0.99810791,0.99813061,2.270e-05,1.000000,1.000000,0.250000,4.000000
286,ramp_neg,1,-0.81155396,0,0,primary,primary,0.99822998,0.99824745,1.747e-05,1.000000,1.000000,0.250000,4.000000
287,ramp_neg,1,-0.82110596,0,0,primary,primary,0.99835205,0.99835698,4.934e-06,1.000000,1.000000,0.250000,4.000000
288,ramp_neg,1,-0.83065796,0,0,primary,primary,0.99847412,0.99845967,1.445e-05,1.000000,1.000000,0.250000,4.000000
289,ramp_neg,1,-0.84019470,0,0,primary,primary,0.99859619,0.99855594,4.025e-05,1.000000,1.000000,0.250000,4.000000
290,ramp_neg,1,-0.84974670,0,0,primary,primary,0.99865723,0.99864620,1.103e-05,1.000000,1.000000,0.250000,4.000000
291,ramp_neg,1,-0.85929871,0,0,primary,primary,0.99871826,0.99873081,1.255e-05,1.000000,1.000000,0.250000,4.000000
292,ramp_neg,1,-0.86885071,0,0,primary,primary,0.99877930,0.99881013,3.084e-05,1.000000,1.000000,0.250000,4.000000
293,ramp_neg,1,-0.87838745,0,0,primary,primary,0.99884033,0.99888450,4.417e-05,1.000000,1.000000,0.250000,4.000000
294,ramp_neg,1,-0.88793945,0,0,primary,primary,0.99890137,0.99895422,5.285e-05,1.000000,1.000000,0.250000,4.000000
295,ramp_neg,1,-0.89749146,0,0,primary,primary,0.99896240,0.99901958,5.718e-05,1.000000,1.000000,0.250000,4.000000
296,ramp_neg,1,-0.90702820,0,0,primary,primary,0.99902344,0.99908086,5.742e-05,1.000000,1.000000,0.250000,4.000000
297,ramp_neg,1,-0.91658020,0,0,primary,primary,0.99908447,0.99913830,5.383e-05,1.000000,1.000000,0.250000,4.000000
298,ramp_neg,1,-0.92613220,0,0,primary,primary,0.99914551,0.99919216,4.665e-05,1.000000,1.000000,0.250000,4.000000
299,ramp_neg,1,-0.93568420,0,0,primary,primary,0.99920654,0.99924265,3.611e-05,1.000000,1.000000,0.250000,4.000000
300,ramp_neg,1,-0.94522095,0,0,primary,primary,0.99926758,0.99928998,2.241e-05,1.000000,1.000000,0.250000,4.000000
301,ramp_neg,1,-0.95477295,0,0,primary,primary,0.99932861,0.99933436,5.747e-06,1.000000,1.000000,0.250000,4.000000
302,ramp_neg,1,-0.96432495,0,0,primary,primary,0.99938965,0.99937596,1.369e-05,1.000000,1.000000,0.250000,4.000000
303,ramp_neg,1,-0.97387695,0,0,primary,primary,0.99945068,0.99941496,3.572e-05,1.000000,1.000000,0.250000,4.000000
304,ramp_neg,1,-0.98341370,0,0,primary,primary,0.99951172,0.99945153,6.019e-05,1.000000,1.000000,0.250000,4.000000
305,ramp_neg,1,-0.99296570,0,0,primary,primary,0.99957275,0.99948581,8.695e-05,1.000000,1.000000,0.250000,4.000000
306,ramp_neg,1,-1.00251770,0,0,residual,residual,0.99945068,0.99936067,9.001e-05,1.000000,1.000000,0.250000,4.000000
307,ramp_neg,1,-1.01205444,0,0,residual,residual,0.99871826,0.99864771,7.055e-05,1.000000,1.000000,0.250000,4.000000
308,ramp_neg,1,-1.02160645,0,0,residual,residual,0.99743652,0.99738365,5.287e-05,1.000000,1.000000,0.250000,4.000000
309,ramp_neg,1,-1.03115845,0,0,residual,residual,0.99566650,0.99560486,6.164e-05,1.000000,1.000000,0.250000,4.000000
310,ramp_neg,1,-1.04071045,0,0,residual,residual,0.99340820,0.99334634,6.186e-05,1.000000,1.000000,0.250000,4.000000
311,ramp_neg,1,-1.05024719,0,0,residual,residual,0.99072266,0.99064264,8.002e-05,1.000000,1.000000,0.250000,4.000000
312,ramp_neg,1,-1.05979919,0,0,residual,residual,0.98760986,0.98752500,8.487e-05,1.000000,1.000000,0.250000,4.000000
313,ramp_neg,1,-1.06935120,0,0,residual,residual,0.98413086,0.98402431,1.066e-04,1.000000,1.000000,0.250000,4.000000
314,ramp_neg,1,-1.07888794,0,0,residual,residual,0.98028564,0.98017106,1.146e-04,1.000000,1.000000,0.250000,4.000000
315,ramp_neg,1,-1.08843994,0,0,residual,residual,0.97607422,0.97599248,8.174e-05,1.000000,1.000000,0.250000,4.000000
316,ramp_neg,1,-1.09799194,0,0,residual,residual,0.97161865,0.97151548,1.032e-04,1.000000,1.000000,0.250000,4.000000
317,ramp_neg,1,-1.10754395,0,0,residual,residual,0.96685791,0.96676573,9.218e-05,1.000000,1.000000,0.250000,4.000000
318,ramp_neg,1,-1.11708069,0,0,residual,residual,0.96185303,0.96176852,8.451e-05,1.000000,1.000000,0.250000,4.000000
319,ramp_neg,1,-1.12663269,0,0,residual,residual,0.95660400,0.95654603,5.797e-05,1.000000,1.000000,0.250000,4.000000
320,ramp_neg,1,-1.13618469,0,0,residual,residual,0.95117188,0.95112022,5.166e-05,1.000000,1.000000,0.250000,4.000000
321,ramp_neg,1,-1.14572144,0,0,residual,residual,0.94555664,0.94551279,4.385e-05,1.000000,1.000000,0.250000,4.000000
322,ramp_neg,1,-1.15527344,0,0,residual,residual,0.93975830,0.93974243,1.587e-05,1.000000,1.000000,0.250000,4.000000
323,ramp_neg,1,-1.16482544,0,0,residual,residual,0.93383789,0.93382769,1.020e-05,1.000000,1.000000,0.250000,4.000000
324,ramp_neg,1,-1.17437744,0,0,residual,residual,0.92779541,0.92778605,9.359e-06,1.000000,1.000000,0.250000,4.000000
325,ramp_neg,1,-1.18391418,0,0,residual,residual,0.92163086,0.92163486,4.000e-06,1.000000,1.000000,0.250000,4.000000
326,ramp_neg,1,-1.19346619,0,0,residual,residual,0.91540527,0.91538861,1.667e-05,1.000000,1.000000,0.250000,4.000000
327,ramp_neg,1,-1.20301819,0,0,residual,residual,0.90905762,0.90906179,4.168e-06,1.000000,1.000000,0.250000,4.000000
328,ramp_neg,1,-1.21257019,0,0,residual,residual,0.90264893,0.90266796,1.903e-05,1.000000,1.000000,0.250000,4.000000
329,ramp_neg,1,-1.22210693,0,0,residual,residual,0.89617920,0.89622066,4.146e-05,1.000000,1.000000,0.250000,4.000000
330,ramp_neg,1,-1.23165894,0,0,residual,residual,0.88970947,0.88973077,2.130e-05,1.000000,1.000000,0.250000,4.000000
331,ramp_neg,1,-1.24121094,0,0,residual,residual,0.88317871,0.88320930,3.059e-05,1.000000,1.000000,0.250000,4.000000
332,ramp_neg,1,-1.25074768,0,0,residual,residual,0.87664795,0.87666730,1.935e-05,1.000000,1.000000,0.250000,4.000000
333,ramp_neg,1,-1.26029968,0,0,residual,residual,0.87011719,0.87011333,3.855e-06,1.000000,1.000000,0.250000,4.000000
334,ramp_neg,1,-1.26985168,0,0,residual,residual,0.86358643,0.86355615,3.027e-05,1.000000,1.000000,0.250000,4.000000
335,ramp_neg,1,-1.27940369,0,0,residual,residual,0.85705566,0.85700384,5.182e-05,1.000000,1.000000,0.250000,4.000000
336,ramp_neg,1,-1.28894043,0,0,residual,residual,0.85052490,0.85046466,6.024e-05,1.000000,1.000000,0.250000,4.000000
337,ramp_neg,1,-1.29849243,0,0,residual,residual,0.84399414,0.84394454,4.960e-05,1.000000,1.000000,0.250000,4.000000
338,ramp_neg,1,-1.30804443,0,0,residual,residual,0.83752441,0.83744973,7.468e-05,1.000000,1.000000,0.250000,4.000000
339,ramp_neg,1,-1.31758118,0,0,residual,residual,0.83105469,0.83098673,6.796e-05,1.000000,1.000000,0.250000,4.000000
340,ramp_neg,1,-1.32713318,0,0,residual,residual,0.82464600,0.82455985,8.614e-05,1.000000,1.000000,0.250000,4.000000
341,ramp_neg,1,-1.33668518,0,0,residual,residual,0.81823730,0.81817379,6.351e-05,1.000000,1.000000,0.250000,4.000000
342,ramp_neg,1,-1.34623718,0,0,residual,residual,0.81188965,0.81183280,5.685e-05,1.000000,1.000000,0.250000,4.000000
343,ramp_neg,1,-1.35577393,0,0,residual,residual,0.80560303,0.80554144,6.159e-05,1.000000,1.000000,0.250000,4.000000
344,ramp_neg,1,-1.36532593,0,0,residual,residual,0.79937744,0.79930227,7.517e-05,1.000000,1.000000,0.250000,4.000000
345,ramp_neg,1,-1.37487793,0,0,residual,residual,0.79321289,0.79311833,9.456e-05,1.000000,1.000000,0.250000,4.000000
346,ramp_neg,1,-1.38441467,0,0,residual,residual,0.78710938,0.78699304,1.163e-04,1.000000,1.000000,0.250000,4.000000
347,ramp_neg,1,-1.39396667,0,0,residual,residual,0.78100586,0.78092791,7.795e-05,1.000000,1.000000,0.250000,4.000000
348,ramp_neg,1,-1.40351868,0,0,residual,residual,0.77502441,0.77492498,9.943e-05,1.000000,1.000000,0.250000,4.000000
349,ramp_neg,1,-1.41307068,0,0,residual,residual,0.76910400,0.76898599,1.180e-04,1.000000,1.000000,0.250000,4.000000
350,ramp_neg,1,-1.42260742,0,0,residual,residual,0.76324463,0.76311317,1.315e-04,1.000000,1.000000,0.250000,4.000000
351,ramp_neg,1,-1.43215942,0,0,residual,residual,0.75744629,0.75730694,1.394e-04,1.000000,1.000000,0.250000,4.000000
352,ramp_neg,1,-1.44171143,0,0,residual,residual,0.75170898,0.75156831,1.407e-04,1.000000,1.000000,0.250000,4.000000
353,ramp_neg,1,-1.45126343,0,0,residual,residual,0.74603271,0.74589808,1.346e-04,1.000000,1.000000,0.250000,4.000000
354,ramp_neg,1,-1.46080017,0,0,residual,residual,0.74041748,0.74029758,1.199e-04,1.000000,1.000000,0.250000,4.000000
355,ramp_neg,1,-1.47035217,0,0,residual,residual,0.73486328,0.73476645,9.683e-05,1.000000,1.000000,0.250000,4.000000
356,ramp_neg,1,-1.47990417,0,0,residual,residual,0.72937012,0.72930495,6.517e-05,1.000000,1.000000,0.250000,4.000000
357,ramp_neg,1,-1.48944092,0,0,residual,residual,0.72399902,0.72391391,8.511e-05,1.000000,1.000000,0.250000,4.000000
358,ramp_neg,1,-1.49899292,0,0,residual,residual,0.71868896,0.71859255,9.642e-05,1.000000,1.000000,0.250000,4.000000
359,ramp_neg,1,-1.50854492,0,0,residual,residual,0.71343994,0.71334073,9.922e-05,1.000000,1.000000,0.250000,4.000000
360,ramp_neg,1,-1.51809692,0,0,residual,residual,0.70825195,0.70815820,9.375e-05,1.000000,1.000000,0.250000,4.000000
361,ramp_neg,1,-1.52763367,0,0,residual,residual,0.70312500,0.70304531,7.969e-05,1.000000,1.000000,0.250000,4.000000
362,ramp_neg,1,-1.53718567,0,0,residual,residual,0.69805908,0.69800086,5.822e-05,1.000000,1.000000,0.250000,4.000000
363,ramp_neg,1,-1.54673767,0,0,residual,residual,0.69305420,0.69302435,2.985e-05,1.000000,1.000000,0.250000,4.000000
364,ramp_neg,1,-1.55627441,0,0,residual,residual,0.68817139,0.68811584,5.554e-05,1.000000,1.000000,0.250000,4.000000
365,ramp_neg,1,-1.56582642,0,0,residual,residual,0.68334961,0.68327397,7.564e-05,1.000000,1.000000,0.250000,4.000000
366,ramp_neg,1,-1.57537842,0,0,residual,residual,0.67858887,0.67849803,9.084e-05,1.000000,1.000000,0.250000,4.000000
367,ramp_neg,1,-1.58493042,0,0,residual,residual,0.67388916,0.67378727,1.019e-04,1.000000,1.000000,0.250000,4.000000
368,ramp_neg,1,-1.59446716,0,0,residual,residual,0.66925049,0.66914154,1.089e-04,1.000000,1.000000,0.250000,4.000000
369,ramp_neg,1,-1.60401917,0,0,residual,residual,0.66467285,0.66455930,1.136e-04,1.000000,1.000000,0.250000,4.000000
370,ramp_neg,1,-1.61357117,0,0,residual,residual,0.66015625,0.66003969,1.166e-04,1.000000,1.000000,0.250000,4.000000
371,ramp_neg,1,-1.62312317,0,0,residual,residual,0.65570068,0.65558183,1.189e-04,1.000000,1.000000,0.250000,4.000000
372,ramp_neg,1,-1.63265991,0,0,residual,residual,0.65130615,0.65118545,1.207e-04,1.000000,1.000000,0.250000,4.000000
373,ramp_neg,1,-1.64221191,0,0,residual,residual,0.64697266,0.64684892,1.237e-04,1.000000,1.000000,0.250000,4.000000
374,ramp_neg,1,-1.65176392,0,0,residual,residual,0.64270020,0.64257131,1.289e-04,1.000000,1.000000,0.250000,4.000000
375,ramp_neg,1,-1.66130066,0,0,residual,residual,0.63848877,0.63835230,1.365e-04,1.000000,1.000000,0.250000,4.000000
376,ramp_neg,1,-1.67085266,0,0,residual,residual,0.63433838,0.63419026,1.481e-04,1.000000,1.000000,0.250000,4.000000
377,ramp_neg,1,-1.68040466,0,0,residual,residual,0.63018799,0.63008424,1.037e-04,1.000000,1.000000,0.250000,4.000000
378,ramp_neg,1,-1.68995667,0,0,residual,residual,0.62609863,0.62603330,6.533e-05,1.000000,1.000000,0.250000,4.000000
379,ramp_neg,1,-1.69949341,0,0,residual,residual,0.62207031,0.62203709,3.323e-05,1.000000,1.000000,0.250000,4.000000
380,ramp_neg,1,-1.70904541,0,0,residual,residual,0.61810303,0.61809398,9.044e-06,1.000000,1.000000,0.250000,4.000000
381,ramp_neg,1,-1.71859741,0,0,residual,residual,0.61419678,0.61420306,6.286e-06,1.000000,1.000000,0.250000,4.000000
382,ramp_neg,1,-1.72813416,0,0,residual,residual,0.61035156,0.61036398,1.242e-05,1.000000,1.000000,0.250000,4.000000
383,ramp_neg,1,-1.73768616,0,0,residual,residual,0.60656738,0.60657517,7.785e-06,1.000000,1.000000,0.250000,4.000000
384,ramp_neg,1,-1.74723816,0,0,residual,residual,0.60284424,0.60283571,8.526e-06,1.000000,1.000000,0.250000,4.000000
385,ramp_neg,1,-1.75679016,0,0,residual,residual,0.59918213,0.59914472,3.741e-05,1.000000,1.000000,0.250000,4.000000
386,ramp_neg,1,-1.76632690,0,0,residual,residual,0.59552002,0.59550188,1.814e-05,1.000000,1.000000,0.250000,4.000000
387,ramp_neg,1,-1.77587891,0,0,residual,residual,0.59191895,0.59190568,1.327e-05,1.000000,1.000000,0.250000,4.000000
388,ramp_neg,1,-1.78543091,0,0,residual,residual,0.58837891,0.58835526,2.364e-05,1.000000,1.000000,0.250000,4.000000
389,ramp_neg,1,-1.79496765,0,0,residual,residual,0.58489990,0.58485035,4.956e-05,1.000000,1.000000,0.250000,4.000000
390,ramp_neg,1,-1.80451965,0,0,residual,residual,0.58142090,0.58138947,3.142e-05,1.000000,1.000000,0.250000,4.000000
391,ramp_neg,1,-1.81407166,0,0,residual,residual,0.57800293,0.57797184,3.109e-05,1.000000,1.000000,0.250000,4.000000
392,ramp_neg,1,-1.82362366,0,0,residual,residual,0.57464600,0.57459664,4.935e-05,1.000000,1.000000,0.250000,4.000000
393,ramp_neg,1,-1.83316040,0,0,residual,residual,0.57128906,0.57126366,2.541e-05,1.000000,1.000000,0.250000,4.000000
394,ramp_neg,1,-1.84271240,0,0,residual,residual,0.56799316,0.56797149,2.167e-05,1.000000,1.000000,0.250000,4.000000
395,ramp_neg,1,-1.85226440,0,0,residual,residual,0.56475830,0.56471941,3.890e-05,1.000000,1.000000,0.250000,4.000000
396,ramp_neg,1,-1.86181641,0,0,residual,residual,0.56152344,0.56150666,1.677e-05,1.000000,1.000000,0.250000,4.000000
397,ramp_neg,1,-1.87135315,0,0,residual,residual,0.55834961,0.55833309,1.652e-05,1.000000,1.000000,0.250000,4.000000
398,ramp_neg,1,-1.88090515,0,0,residual,residual,0.55523682,0.55519736,3.945e-05,1.000000,1.000000,0.250000,4.000000
399,ramp_neg,1,-1.89045715,0,0,residual,residual,0.55212402,0.55209881,2.521e-05,1.000000,1.000000,0.250000,4.000000
400,ramp_neg,1,-1.89999390,0,0,residual,residual,0.54907227,0.54903729,3.498e-05,1.000000,1.000000,0.250000,4.000000
401,spike_reset,0,0.00000000,0,1,none,none,1.00000000,1.00000000,0.000e+00,1.000000,1.000000,0.250000,4.000000
402,spikes,1,-0.02537537,0,0,primary,primary,1.00000000,1.00000000,0.000e+00,1.000000,1.000000,0.250000,4.000000
403,spikes,1,-0.02162170,0,0,primary,primary,1.00000000,1.00000000,0.000e+00,1.000000,1.000000,0.250000,4.000000
404,spikes,1,-0.00207520,0,0,primary,primary,1.00000000,1.00000000,0.000e+00,1.000000,1.000000,0.250000,4.000000
405,spikes,1,-0.06735229,0,0,primary,primary,1.00000000,1.00000000,0.000e+00,1.000000,1.000000,0.250000,4.000000
406,spikes,1,0.02626038,0,0,primary,primary,1.00000000,1.00000000,0.000e+00,1.000000,1.000000,0.250000,4.000000
407,spikes,1,0.19810486,0,0,primary,primary,1.00000000,1.00000000,0.000e+00,1.000000,1.000000,0.250000,4.000000
408,spikes,1,0.00671387,0,0,primary,primary,1.00000000,1.00000000,0.000e+00,1.000000,1.000000,0.250000,4.000000
409,spikes,1,0.05242920,0,0,primary,primary,1.00000000,1.00000000,0.000e+00,1.000000,1.000000,0.250000,4.000000
410,spikes,1,0.13732910,0,0,primary,primary,1.00000000,1.00000000,0.000e+00,1.000000,1.000000,0.250000,4.000000
411,spikes,1,0.04980469,0,0,primary,primary,1.00000000,1.00000000,0.000e+00,1.000000,1.000000,0.250000,4.000000
412,spikes,1,-0.17387390,0,0,primary,primary,1.00000000,1.00000000,0.000e+00,1.000000,1.000000,0.250000,4.000000
413,spikes,1,-0.00856018,0,0,primary,primary,1.00000000,1.00000000,0.000e+00,1.000000,1.000000,0.250000,4.000000
414,spikes,1,1.80000305,0,0,residual,residual,0.95001221,0.94999981,1.240e-05,1.000000,1.000000,0.250000,4.000000
415,spikes,1,0.05642700,0,0,primary,primary,0.95312500,0.95312482,1.788e-07,1.000000,1.000000,0.250000,4.000000
416,spikes,1,-0.07377625,0,0,primary,primary,0.95605469,0.95605452,1.676e-07,1.000000,1.000000,0.250000,4.000000
417,spikes,1,0.11422729,0,0,primary,primary,0.95880127,0.95880111,1.572e-07,1.000000,1.000000,0.250000,4.000000
418,spikes,1,0.00364685,0,0,primary,primary,0.96136475,0.96137604,1.130e-05,1.000000,1.000000,0.250000,4.000000
419,spikes,1,0.14176941,0,0,primary,primary,0.96380615,0.96379004,1.611e-05,1.000000,1.000000,0.250000,4.000000
420,spikes,1,0.08654785,0,0,primary,primary,0.96606445,0.96605316,1.129e-05,1.000000,1.000000,0.250000,4.000000
421,spikes,1,0.09838867,0,0,primary,primary,0.96820068,0.96817484,2.584e-05,1.000000,1.000000,0.250000,4.000000
422,spikes,1,-0.08023071,0,0,primary,primary,0.97021484,0.97016391,5.093e-05,1.000000,1.000000,0.250000,4.000000
423,spikes,1,0.09510803,0,0,primary,primary,0.97210693,0.97202867,7.827e-05,1.000000,1.000000,0.250000,4.000000
424,spikes,1,-0.07435608,0,0,primary,primary,0.97387695,0.97377688,1.001e-04,1.000000,1.000000,0.250000,4.000000
425,spikes,1,0.15568542,0,0,primary,primary,0.97552490,0.97541582,1.091e-04,1.000000,1.000000,0.250000,4.000000
426,spikes,1,-0.00976562,0,0,primary,primary,0.97705078,0.97695233,9.845e-05,1.000000,1.000000,0.250000,4.000000
427,spikes,1,0.03182983,0,0,primary,primary,0.97851562,0.97839281,1.228e-04,1.000000,1.000000,0.250000,4.000000
428,spikes,1,-0.02531433,0,0,primary,primary,0.97985840,0.97974326,1.151e-04,1.000000,1.000000,0.250000,4.000000
429,spikes,1,-0.07279968,0,0,primary,primary,0.98114014,0.98100931,1.308e-04,1.000000,1.000000,0.250000,4.000000
430,spikes,1,-0.06211853,0,0,primary,primary,0.98229980,0.98219623,1.036e-04,1.000000,1.000000,0.250000,4.000000
431,spikes,1,0.13073730,0,0,primary,primary,0.98339844,0.98330896,8.948e-05,1.000000,1.000000,0.250000,4.000000
432,spikes,1,-0.04844666,0,0,primary,primary,0.98443604,0.98435215,8.388e-05,1.000000,1.000000,0.250000,4.000000
433,spikes,1,-0.01661682,0,0,primary,primary,0.98541260,0.98533014,8.246e-05,1.000000,1.000000,0.250000,4.000000
434,spikes,1,-0.10197449,0,0,primary,primary,0.98632812,0.98624701,8.112e-05,1.000000,1.000000,0.250000,4.000000
435,spikes,1,-0.17027283,0,0,primary,primary,0.98718262,0.98710657,7.605e-05,1.000000,1.000000,0.250000,4.000000
436,spikes,1,0.19151306,0,0,primary,primary,0.98797607,0.98791241,6.366e-05,1.000000,1.000000,0.250000,4.000000
437,spikes,1,0.16052246,0,0,primary,primary,0.98870850,0.98866788,4.061e-05,1.000000,1.000000,0.250000,4.000000
438,spikes,1,0.17994690,0,0,primary,primary,0.98944092,0.98937614,6.478e-05,1.000000,1.000000,0.250000,4.000000
439,spikes,1,-1.80000305,0,0,residual,residual,0.94061279,0.94057114,4.166e-05,1.000000,1.000000,0.250000,4.000000
440,spikes,1,-0.10920715,0,0,primary,primary,0.94433594,0.94428544,5.050e-05,1.000000,1.000000,0.250000,4.000000
441,spikes,1,-0.13522339,0,0,primary,primary,0.94781494,0.94776760,4.734e-05,1.000000,1.000000,0.250000,4.000000
442,spikes,1,0.00663757,0,0,primary,primary,0.95104980,0.95103213,1.768e-05,1.000000,1.000000,0.250000,4.000000
443,spikes,1,-0.19377136,0,0,primary,primary,0.95410156,0.95409262,8.945e-06,1.000000,1.000000,0.250000,4.000000
444,spikes,1,-0.08070374,0,0,primary,primary,0.95697021,0.95696183,8.386e-06,1.000000,1.000000,0.250000,4.000000
445,spikes,1,-0.02496338,0,0,primary,primary,0.95965576,0.95965171,4.047e-06,1.000000,1.000000,0.250000,4.000000
446,spikes,1,0.03950500,0,0,primary,primary,0.96215820,0.96217348,1.528e-05,1.000000,1.000000,0.250000,4.000000
447,spikes,1,-0.04449463,0,0,primary,primary,0.96453857,0.96453764,9.344e-07,1.000000,1.000000,0.250000,4.000000
448,spikes,1,0.05871582,0,0,primary,primary,0.96673584,0.96675404,1.820e-05,1.000000,1.000000,0.250000,4.000000
449,spikes,1,0.07583618,0,0,primary,primary,0.96881104,0.96883191,2.087e-05,1.000000,1.000000,0.250000,4.000000
450,spikes,1,-0.00602722,0,0,primary,primary,0.97076416,0.97077992,1.576e-05,1.000000,1.000000,0.250000,4.000000
451,spikes,1,-0.05291748,0,0,primary,primary,0.97259521,0.97260617,1.096e-05,1.000000,1.000000,0.250000,4.000000
452,spikes,1,-0.17767334,0,0,primary,primary,0.97430420,0.97431829,1.409e-05,1.000000,1.000000,0.250000,4.000000
453,spikes,1,0.05165100,0,0,primary,primary,0.97589111,0.97592339,3.228e-05,1.000000,1.000000,0.250000,4.000000
454,spikes,1,-0.04754639,0,0,primary,primary,0.97741699,0.97742818,1.119e-05,1.000000,1.000000,0.250000,4.000000
455,spikes,1,0.17337036,0,0,primary,primary,0.97882080,0.97883892,1.812e-05,1.000000,1.000000,0.250000,4.000000
456,spikes,1,0.11253357,0,0,primary,primary,0.98016357,0.98016149,2.088e-06,1.000000,1.000000,0.250000,4.000000
457,spikes,1,-0.02629089,0,0,primary,primary,0.98138428,0.98140139,1.712e-05,1.000000,1.000000,0.250000,4.000000
458,spikes,1,0.08073425,0,0,primary,primary,0.98254395,0.98256381,1.986e-05,1.000000,1.000000,0.250000,4.000000
459,spikes,1,0.03192139,0,0,primary,primary,0.98364258,0.98365357,1.099e-05,1.000000,1.000000,0.250000,4.000000
460,spikes,1,-0.12725830,0,0,primary,primary,0.98468018,0.98467522,4.955e-06,1.000000,1.000000,0.250000,4.000000
461,spikes,1,-0.08934021,0,0,primary,primary,0.98565674,0.98563302,2.372e-05,1.000000,1.000000,0.250000,4.000000
462,spikes,1,-0.04583740,0,0,primary,primary,0.98657227,0.98653096,4.131e-05,1.000000,1.000000,0.250000,4.000000
463,spikes,1,0.00343323,0,0,primary,primary,0.98742676,0.98737277,5.399e-05,1.000000,1.000000,0.250000,4.000000
464,spikes,1,1.99000549,0,0,residual,residual,0.92712402,0.92706794,5.608e-05,1.000000,1.000000,0.250000,4.000000
465,spikes,1,0.19438171,0,0,primary,primary,0.93170166,0.93162620,7.546e-05,1.000000,1.000000,0.250000,4.000000
466,spikes,1,-0.00007629,0,0,primary,primary,0.93597412,0.93589956,7.456e-05,1.000000,1.000000,0.250000,4.000000
467,spikes,1,-0.16189575,0,0,primary,primary,0.94000244,0.93990584,9.660e-05,1.000000,1.000000,0.250000,4.000000
468,spikes,1,0.00134277,0,0,primary,primary,0.94372559,0.94366172,6.386e-05,1.000000,1.000000,0.250000,4.000000
469,spikes,1,-0.02807617,0,0,primary,primary,0.94726562,0.94718286,8.276e-05,1.000000,1.000000,0.250000,4.000000
470,spikes,1,0.06146240,0,0,primary,primary,0.95056152,0.95048394,7.759e-05,1.000000,1.000000,0.250000,4.000000
471,spikes,1,-0.06874084,0,0,primary,primary,0.95367432,0.95357869,9.563e-05,1.000000,1.000000,0.250000,4.000000
472,spikes,1,0.07035828,0,0,primary,primary,0.95654297,0.95648002,6.295e-05,1.000000,1.000000,0.250000,4.000000
473,spikes,1,-0.02467346,0,0,primary,primary,0.95928955,0.95920002,8.953e-05,1.000000,1.000000,0.250000,4.000000
474,spikes,1,0.19146729,0,0,primary,primary,0.96185303,0.96175002,1.030e-04,1.000000,1.000000,0.250000,4.000000
475,spikes,1,-0.13024902,0,0,primary,primary,0.96423340,0.96414064,9.276e-05,1.000000,1.000000,0.250000,4.000000
476,spikes,1,-0.02676392,0,0,primary,primary,0.96649170,0.96638185,1.098e-04,1.000000,1.000000,0.250000,4.000000
477,spikes,1,-0.06004333,0,0,primary,primary,0.96856689,0.96848299,8.391e-05,1.000000,1.000000,0.250000,4.000000
478,spikes,1,0.07968140,0,0,primary,primary,0.97052002,0.97045280,6.722e-05,1.000000,1.000000,0.250000,4.000000
479,spikes,1,-0.16958618,0,0,primary,primary,0.97235107,0.97229950,5.157e-05,1.000000,1.000000,0.250000,4.000000
480,spikes,1,0.16738892,0,0,primary,primary,0.97406006,0.97403078,2.928e-05,1.000000,1.000000,0.250000,4.000000
481,spikes,1,0.00317383,0,0,primary,primary,0.97570801,0.97565386,5.415e-05,1.000000,1.000000,0.250000,4.000000
482,spikes,1,0.02162170,0,0,primary,primary,0.97723389,0.97717549,5.840e-05,1.000000,1.000000,0.250000,4.000000
483,spikes,1,-0.18847656,0,0,primary,primary,0.97863770,0.97860202,3.567e-05,1.000000,1.000000,0.250000,4.000000
484,spikes,1,0.08882141,0,0,primary,primary,0.97998047,0.97993940,4.107e-05,1.000000,1.000000,0.250000,4.000000
485,spikes,1,-0.08586121,0,0,primary,primary,0.98126221,0.98119318,6.902e-05,1.000000,1.000000,0.250000,4.000000
486,spikes,1,0.03466797,0,0,primary,primary,0.98242188,0.98236861,5.326e-05,1.000000,1.000000,0.250000,4.000000
487,spikes,1,0.17889404,0,0,primary,primary,0.98352051,0.98347057,4.994e-05,1.000000,1.000000,0.250000,4.000000
488,spikes,1,0.13790894,0,0,primary,primary,0.98455811,0.98450366,5.444e-05,1.000000,1.000000,0.250000,4.000000
489,spikes,1,-2.00000000,0,0,residual,residual,0.92401123,0.92394070,7.053e-05,1.000000,1.000000,0.250000,4.000000
490,spikes,1,-0.17240906,0,0,primary,primary,0.92877197,0.92869441,7.756e-05,1.000000,1.000000,0.250000,4.000000
491,spikes,1,-0.09242249,0,0,primary,primary,0.93322754,0.93315101,7.653e-05,1.000000,1.000000,0.250000,4.000000
492,spikes,1,-0.09065247,0,0,primary,primary,0.93737793,0.93732907,4.886e-05,1.000000,1.000000,0.250000,4.000000
493,spikes,1,-0.17616272,0,0,primary,primary,0.94128418,0.94124600,3.818e-05,1.000000,1.000000,0.250000,4.000000
494,spikes,1,0.02986145,0,0,primary,primary,0.94494629,0.94491813,2.816e-05,1.000000,1.000000,0.250000,4.000000
495,spikes,1,-0.19947815,0,0,primary,primary,0.94836426,0.94836075,3.512e-06,1.000000,1.000000,0.250000,4.000000
496,spikes,1,0.12242126,0,0,primary,primary,0.95159912,0.95158820,1.092e-05,1.000000,1.000000,0.250000,4.000000
497,spikes,1,0.15267944,0,0,primary,primary,0.95465088,0.95461394,3.694e-05,1.000000,1.000000,0.250000,4.000000
498,spikes,1,-0.01298523,0,0,primary,primary,0.95745850,0.95745057,7.930e-06,1.000000,1.000000,0.250000,4.000000
499,spikes,1,0.06549072,0,0,primary,primary,0.96014404,0.96010991,3.414e-05,1.000000,1.000000,0.250000,4.000000
500,spikes,1,-0.19209290,0,0,primary,primary,0.96264648,0.96260304,4.345e-05,1.000000,1.000000,0.250000,4.000000
501,spikes,1,-0.01141357,0,0,primary,primary,0.96496582,0.96494035,2.547e-05,1.000000,1.000000,0.250000,4.000000
502,spikes,1,-0.07173157,0,0,primary,primary,0.96716309,0.96713157,3.151e-05,1.000000,1.000000,0.250000,4.000000
503,spikes,1,0.13134766,0,0,primary,primary,0.96923828,0.96918585,5.243e-05,1.000000,1.000000,0.250000,4.000000
504,spikes,1,0.00796509,0,0,primary,primary,0.97119141,0.97111174,7.967e-05,1.000000,1.000000,0.250000,4.000000
505,spikes,1,-0.12777710,0,0,primary,primary,0.97302246,0.97291725,1.052e-04,1.000000,1.000000,0.250000,4.000000
506,spikes,1,-0.18742371,0,0,primary,primary,0.97473145,0.97460992,1.215e-04,1.000000,1.000000,0.250000,4.000000
507,spikes,1,-0.11485291,0,0,primary,primary,0.97631836,0.97619680,1.216e-04,1.000000,1.000000,0.250000,4.000000
508,spikes,1,0.14505005,0,0,primary,primary,0.97778320,0.97768450,9.870e-05,1.000000,1.000000,0.250000,4.000000
509,spikes,1,0.00328064,0,0,primary,primary,0.97918701,0.97907922,1.078e-04,1.000000,1.000000,0.250000,4.000000
510,spikes,1,0.05955505,0,0,primary,primary,0.98046875,0.98038677,8.198e-05,1.000000,1.000000,0.250000,4.000000
511,spikes,1,0.01106262,0,0,primary,primary,0.98168945,0.98161260,7.686e-05,1.000000,1.000000,0.250000,4.000000
512,spikes,1,0.11633301,0,0,primary,primary,0.98284912,0.98276181,8.731e-05,1.000000,1.000000,0.250000,4.000000
513,spikes,1,-0.19529724,0,0,primary,primary,0.98394775,0.98383920,1.086e-04,1.000000,1.000000,0.250000,4.000000
514,spikes,1,1.80000305,0,0,residual,residual,0.93572998,0.93565710,7.288e-05,1.000000,1.000000,0.250000,4.000000
515,spikes,1,0.01264954,0,0,primary,primary,0.93975830,0.93967853,7.977e-05,1.000000,1.000000,0.250000,4.000000
516,spikes,1,0.06965637,0,0,primary,primary,0.94354248,0.94344862,9.386e-05,1.000000,1.000000,0.250000,4.000000
517,spikes,1,-0.05178833,0,0,primary,primary,0.94708252,0.94698308,9.944e-05,1.000000,1.000000,0.250000,4.000000
518,spikes,1,0.15200806,0,0,primary,primary,0.95037842,0.95029664,8.178e-05,1.000000,1.000000,0.250000,4.000000
519,spikes,1,0.19940186,0,0,primary,primary,0.95349121,0.95340310,8.811e-05,1.000000,1.000000,0.250000,4.000000
520,spikes,1,-0.08256531,0,0,primary,primary,0.95642090,0.95631541,1.055e-04,1.000000,1.000000,0.250000,4.000000
521,spikes,1,-0.02766418,0,0,primary,primary,0.95916748,0.95904569,1.218e-04,1.000000,1.000000,0.250000,4.000000
522,spikes,1,0.12968445,0,0,primary,primary,0.96173096,0.96160534,1.256e-04,1.000000,1.000000,0.250000,4.000000
523,spikes,1,0.01921082,0,0,primary,primary,0.96411133,0.96400500,1.063e-04,1.000000,1.000000,0.250000,4.000000
524,spikes,1,-0.05529785,0,0,primary,primary,0.96636963,0.96625469,1.149e-04,1.000000,1.000000,0.250000,4.000000
525,spikes,1,-0.07563782,0,0,primary,primary,0.96844482,0.96836377,8.105e-05,1.000000,1.000000,0.250000,4.000000
526,spikes,1,0.08961487,0,0,primary,primary,0.97039795,0.97034104,5.691e-05,1.000000,1.000000,0.250000,4.000000
527,spikes,1,0.01754761,0,0,primary,primary,0.97222900,0.97219472,3.428e-05,1.000000,1.000000,0.250000,4.000000
528,spikes,1,-0.03250122,0,0,primary,primary,0.97393799,0.97393255,5.435e-06,1.000000,1.000000,0.250000,4.000000
529,spikes,1,0.15737915,0,0,primary,primary,0.97558594,0.97556177,2.417e-05,1.000000,1.000000,0.250000,4.000000
530,spikes,1,-0.07775879,0,0,primary,primary,0.97711182,0.97708916,2.266e-05,1.000000,1.000000,0.250000,4.000000
531,spikes,1,0.00508118,0,0,primary,primary,0.97851562,0.97852109,5.460e-06,1.000000,1.000000,0.250000,4.000000
532,spikes,1,0.19799805,0,0,primary,primary,0.97985840,0.97986352,5.119e-06,1.000000,1.000000,0.250000,4.000000
533,spikes,1,-0.08651733,0,0,primary,primary,0.98114014,0.98112205,1.809e-05,1.000000,1.000000,0.250000,4.000000
534,spikes,1,0.09410095,0,0,primary,primary,0.98229980,0.98230192,2.115e-06,1.000000,1.000000,0.250000,4.000000
535,spikes,1,0.11453247,0,0,primary,primary,0.98339844,0.98340805,9.612e-06,1.000000,1.000000,0.250000,4.000000
536,spikes,1,-0.12759399,0,0,primary,primary,0.98443604,0.98444505,9.011e-06,1.000000,1.000000,0.250000,4.000000
537,spikes,1,-0.17517090,0,0,primary,primary,0.98541260,0.98541723,4.634e-06,1.000000,1.000000,0.250000,4.000000
538,spikes,1,0.14695740,0,0,primary,primary,0.98632812,0.98632865,5.293e-07,1.000000,1.000000,0.250000,4.000000
539,spikes,1,-1.80000305,0,0,residual,residual,0.93786621,0.93786649,2.816e-07,1.000000,1.000000,0.250000,4.000000
540,spikes,1,0.19804382,0,0,primary,primary,0.94177246,0.94174984,2.262e-05,1.000000,1.000000,0.250000,4.000000
541,spikes,1,-0.03674316,0,0,primary,primary,0.94543457,0.94539047,4.410e-05,1.000000,1.000000,0.250000,4.000000
542,spikes,1,-0.06808472,0,0,primary,primary,0.94885254,0.94880357,4.897e-05,1.000000,1.000000,0.250000,4.000000
543,spikes,1,0.15866089,0,0,primary,primary,0.95202637,0.95200334,2.302e-05,1.000000,1.000000,0.250000,4.000000
544,spikes,1,-0.12406921,0,0,primary,primary,0.95501709,0.95500314,1.395e-05,1.000000,1.000000,0.250000,4.000000
545,spikes,1,-0.02986145,0,0,primary,primary,0.95782471,0.95781544,9.268e-06,1.000000,1.000000,0.250000,4.000000
546,spikes,1,0.08436584,0,0,primary,primary,0.96044922,0.96045197,2.756e-06,1.000000,1.000000,0.250000,4.000000
547,spikes,1,-0.14068604,0,0,primary,primary,0.96295166,0.96292373,2.793e-05,1.000000,1.000000,0.250000,4.000000
548,spikes,1,-0.04524231,0,0,primary,primary,0.96527100,0.96524099,3.000e-05,1.000000,1.000000,0.250000,4.000000
549,spikes,1,-0.10252380,0,0,primary,primary,0.96746826,0.96741343,5.483e-05,1.000000,1.000000,0.250000,4.000000
550,spikes,1,-0.05369568,0,0,primary,primary,0.96948242,0.96945009,3.233e-05,1.000000,1.000000,0.250000,4.000000
551,spikes,1,-0.14608765,0,0,primary,primary,0.97137451,0.97135946,1.505e-05,1.000000,1.000000,0.250000,4.000000
552,spikes,1,0.07305908,0,0,primary,primary,0.97314453,0.97314949,4.963e-06,1.000000,1.000000,0.250000,4.000000
553,spikes,1,0.09172058,0,0,primary,primary,0.97485352,0.97482765,2.586e-05,1.000000,1.000000,0.250000,4.000000
554,spikes,1,0.04216003,0,0,primary,primary,0.97644043,0.97640092,3.951e-05,1.000000,1.000000,0.250000,4.000000
555,spikes,1,-0.04153442,0,0,primary,primary,0.97790527,0.97787587,2.941e-05,1.000000,1.000000,0.250000,4.000000
556,spikes,1,-0.15475464,0,0,primary,primary,0.97930908,0.97925862,5.046e-05,1.000000,1.000000,0.250000,4.000000
557,spikes,1,0.15118408,0,0,primary,primary,0.98059082,0.98055496,3.586e-05,1.000000,1.000000,0.250000,4.000000
558,spikes,1,-0.08566284,0,0,primary,primary,0.98181152,0.98177027,4.125e-05,1.000000,1.000000,0.250000,4.000000
559,spikes,1,0.08132935,0,0,primary,primary,0.98297119,0.98290963,6.156e-05,1.000000,1.000000,0.250000,4.000000
560,spikes,1,0.04824829,0,0,primary,primary,0.98400879,0.98397778,3.101e-05,1.000000,1.000000,0.250000,4.000000
561,spikes,1,-0.11123657,0,0,primary,primary,0.98498535,0.98497917,6.182e-06,1.000000,1.000000,0.250000,4.000000
562,spikes,1,-0.17521667,0,0,primary,primary,0.98590088,0.98591797,1.709e-05,1.000000,1.000000,0.250000,4.000000
563,spikes,1,0.18133545,0,0,primary,primary,0.98675537,0.98679810,4.273e-05,1.000000,1.000000,0.250000,4.000000
564,spikes,1,1.99000549,0,0,residual,residual,0.92651367,0.92656475,5.107e-05,1.000000,1.000000,0.250000,4.000000
565,spikes,1,0.13084412,0,0,primary,primary,0.93109131,0.93115445,6.314e-05,1.000000,1.000000,0.250000,4.000000
566,spikes,1,0.12890625,0,0,primary,primary,0.93542480,0.93545730,3.249e-05,1.000000,1.000000,0.250000,4.000000
567,spikes,1,0.16542053,0,0,primary,primary,0.93945312,0.93949122,3.809e-05,1.000000,1.000000,0.250000,4.000000
568,spikes,1,0.13873291,0,0,primary,primary,0.94323730,0.94327301,3.571e-05,1.000000,1.000000,0.250000,4.000000
569,spikes,1,0.08381653,0,0,primary,primary,0.94677734,0.94681845,4.111e-05,1.000000,1.000000,0.250000,4.000000
570,spikes,1,-0.17213440,0,0,primary,primary,0.95013428,0.95014230,8.020e-06,1.000000,1.000000,0.250000,4.000000
571,spikes,1,0.10688782,0,0,primary,primary,0.95324707,0.95325840,1.133e-05,1.000000,1.000000,0.250000,4.000000
572,spikes,1,-0.09817505,0,0,primary,primary,0.95617676,0.95617975,2.996e-06,1.000000,1.000000,0.250000,4.000000
573,spikes,1,0.09945679,0,0,primary,primary,0.95892334,0.95891852,4.821e-06,1.000000,1.000000,0.250000,4.000000
574,spikes,1,-0.09420776,0,0,primary,primary,0.96148682,0.96148611,7.047e-07,1.000000,1.000000,0.250000,4.000000
575,spikes,1,0.06562805,0,0,primary,primary,0.96386719,0.96389323,2.604e-05,1.000000,1.000000,0.250000,4.000000
576,spikes,1,-0.07723999,0,0,primary,primary,0.96612549,0.96614990,2.441e-05,1.000000,1.000000,0.250000,4.000000
577,spikes,1,-0.02960205,0,0,primary,primary,0.96826172,0.96826553,3.815e-06,1.000000,1.000000,0.250000,4.000000
578,spikes,1,-0.04216003,0,0,primary,primary,0.97027588,0.97024894,2.694e-05,1.000000,1.000000,0.250000,4.000000
579,spikes,1,0.09159851,0,0,primary,primary,0.97210693,0.97210838,1.446e-06,1.000000,1.000000,0.250000,4.000000
580,spikes,1,0.14024353,0,0,primary,primary,0.97387695,0.97385161,2.535e-05,1.000000,1.000000,0.250000,4.000000
581,spikes,1,0.18679810,0,0,primary,primary,0.97552490,0.97548588,3.902e-05,1.000000,1.000000,0.250000,4.000000
582,spikes,1,-0.08432007,0,0,primary,primary,0.97705078,0.97701801,3.277e-05,1.000000,1.000000,0.250000,4.000000
583,spikes,1,-0.10734558,0,0,primary,primary,0.97851562,0.97845439,6.124e-05,1.000000,1.000000,0.250000,4.000000
584,spikes,1,-0.06707764,0,0,primary,primary,0.97985840,0.97980099,5.741e-05,1.000000,1.000000,0.250000,4.000000
585,spikes,1,0.08575439,0,0,primary,primary,0.98114014,0.98106343,7.671e-05,1.000000,1.000000,0.250000,4.000000
586,spikes,1,-0.02360535,0,0,primary,primary,0.98229980,0.98224696,5.284e-05,1.000000,1.000000,0.250000,4.000000
587,spikes,1,0.14825439,0,0,primary,primary,0.98339844,0.98335653,4.191e-05,1.000000,1.000000,0.250000,4.000000
588,spikes,1,-0.11630249,0,0,primary,primary,0.98443604,0.98439674,3.929e-05,1.000000,1.000000,0.250000,4.000000
589,spikes,1,-2.00000000,0,0,residual,residual,0.92388916,0.92384715,4.201e-05,1.000000,1.000000,0.250000,4.000000
590,spikes,1,-0.05880737,0,0,primary,primary,0.92864990,0.92860670,4.320e-05,1.000000,1.000000,0.250000,4.000000
591,spikes,1,-0.05009460,0,0,primary,primary,0.93310547,0.93306878,3.668e-05,1.000000,1.000000,0.250000,4.000000
592,spikes,1,0.19439697,0,0,primary,primary,0.93731689,0.93725199,6.491e-05,1.000000,1.000000,0.250000,4.000000
593,spikes,1,0.00845337,0,0,primary,primary,0.94122314,0.94117374,4.941e-05,1.000000,1.000000,0.250000,4.000000
594,spikes,1,0.07008362,0,0,primary,primary,0.94488525,0.94485038,3.488e-05,1.000000,1.000000,0.250000,4.000000
595,spikes,1,0.14997864,0,0,primary,primary,0.94830322,0.94829723,5.993e-06,1.000000,1.000000,0.250000,4.000000
596,spikes,1,0.10707092,0,0,primary,primary,0.95153809,0.95152865,9.433e-06,1.000000,1.000000,0.250000,4.000000
597,spikes,1,0.10614014,0,0,primary,primary,0.95458984,0.95455811,3.173e-05,1.000000,1.000000,0.250000,4.000000
598,spikes,1,0.05891418,0,0,primary,primary,0.95745850,0.95739823,6.027e-05,1.000000,1.000000,0.250000,4.000000
599,spikes,1,0.09989929,0,0,primary,primary,0.96014404,0.96006084,8.320e-05,1.000000,1.000000,0.250000,4.000000
600,spikes,1,-0.01174927,0,0,primary,primary,0.96264648,0.96255704,8.945e-05,1.000000,1.000000,0.250000,4.000000
601,spikes,1,0.08102417,0,0,primary,primary,0.96496582,0.96489722,6.860e-05,1.000000,1.000000,0.250000,4.000000
602,spikes,1,0.04481506,0,0,primary,primary,0.96716309,0.96709115,7.194e-05,1.000000,1.000000,0.250000,4.000000
603,spikes,1,0.15904236,0,0,primary,primary,0.96923828,0.96914795,9.033e-05,1.000000,1.000000,0.250000,4.000000
604,spikes,1,-0.16781616,0,0,primary,primary,0.97119141,0.97107620,1.152e-04,1.000000,1.000000,0.250000,4.000000
605,spikes,1,-0.02732849,0,0,primary,primary,0.97302246,0.97288394,1.385e-04,1.000000,1.000000,0.250000,4.000000
606,spikes,1,0.04646301,0,0,primary,primary,0.97473145,0.97457869,1.528e-04,1.000000,1.000000,0.250000,4.000000
607,spikes,1,0.05564880,0,0,primary,primary,0.97631836,0.97616753,1.508e-04,1.000000,1.000000,0.250000,4.000000
608,spikes,1,0.03970337,0,0,primary,primary,0.97778320,0.97765706,1.261e-04,1.000000,1.000000,0.250000,4.000000
609,spikes,1,-0.14230347,0,0,primary,primary,0.97918701,0.97905349,1.335e-04,1.000000,1.000000,0.250000,4.000000
610,spikes,1,-0.05462646,0,0,primary,primary,0.98046875,0.98036265,1.061e-04,1.000000,1.000000,0.250000,4.000000
611,spikes,1,0.08084106,0,0,primary,primary,0.98168945,0.98158998,9.947e-05,1.000000,1.000000,0.250000,4.000000
612,spikes,1,0.02851868,0,0,primary,primary,0.98284912,0.98274061,1.085e-04,1.000000,1.000000,0.250000,4.000000
613,spikes,1,-0.07774353,0,0,primary,primary,0.98394775,0.98381932,1.284e-04,1.000000,1.000000,0.250000,4.000000
614,spikes,1,1.80000305,0,0,residual,residual,0.93572998,0.93563946,9.052e-05,1.000000,1.000000,0.250000,4.000000
615,spikes,1,0.19712830,0,0,primary,primary,0.93975830,0.93966199,9.631e-05,1.000000,1.000000,0.250000,4.000000
616,spikes,1,-0.06852722,0,0,primary,primary,0.94354248,0.94343312,1.094e-04,1.000000,1.000000,0.250000,4.000000
617,spikes,1,0.07693481,0,0,primary,primary,0.94708252,0.94696855,1.140e-04,1.000000,1.000000,0.250000,4.000000
618,spikes,1,0.09999084,0,0,primary,primary,0.95037842,0.95028301,9.540e-05,1.000000,1.000000,0.250000,4.000000
619,spikes,1,-0.15728760,0,0,primary,primary,0.95349121,0.95339033,1.009e-04,1.000000,1.000000,0.250000,4.000000
620,spikes,1,-0.06100464,0,0,primary,primary,0.95642090,0.95630343,1.175e-04,1.000000,1.000000,0.250000,4.000000
621,spikes,1,-0.05439758,0,0,primary,primary,0.95916748,0.95903447,1.330e-04,1.000000,1.000000,0.250000,4.000000
622,spikes,1,0.06356812,0,0,primary,primary,0.96173096,0.96159481,1.361e-04,1.000000,1.000000,0.250000,4.000000
623,spikes,1,0.11259460,0,0,primary,primary,0.96411133,0.96399514,1.162e-04,1.000000,1.000000,0.250000,4.000000
624,spikes,1,-0.05807495,0,0,primary,primary,0.96636963,0.96624544,1.242e-04,1.000000,1.000000,0.250000,4.000000
625,spikes,1,0.15922546,0,0,primary,primary,0.96844482,0.96835510,8.972e-05,1.000000,1.000000,0.250000,4.000000
626,spikes,1,0.18983459,0,0,primary,primary,0.97039795,0.97033291,6.504e-05,1.000000,1.000000,0.250000,4.000000
627,spikes,1,0.09796143,0,0,primary,primary,0.97222900,0.97218710,4.190e-05,1.000000,1.000000,0.250000,4.000000
628,spikes,1,-0.16915894,0,0,primary,primary,0.97393799,0.97392541,1.258e-05,1.000000,1.000000,0.250000,4.000000
629,spikes,1,-0.01390076,0,0,primary,primary,0.97558594,0.97555507,3.087e-05,1.000000,1.000000,0.250000,4.000000
630,spikes,1,-0.03338623,0,0,primary,primary,0.97711182,0.97708288,2.894e-05,1.000000,1.000000,0.250000,4.000000
631,spikes,1,0.06506348,0,0,primary,primary,0.97851562,0.97851520,4.287e-07,1.000000,1.000000,0.250000,4.000000
632,spikes,1,0.10848999,0,0,primary,primary,0.97985840,0.97985800,4.019e-07,1.000000,1.000000,0.250000,4.000000
633,spikes,1,0.02961731,0,0,primary,primary,0.98114014,0.98111687,2.326e-05,1.000000,1.000000,0.250000,4.000000
634,spikes,1,0.14353943,0,0,primary,primary,0.98229980,0.98229707,2.737e-06,1.000000,1.000000,0.250000,4.000000
635,spikes,1,-0.14532471,0,0,primary,primary,0.98339844,0.98340350,5.063e-06,1.000000,1.000000,0.250000,4.000000
636,spikes,1,0.17123413,0,0,primary,primary,0.98443604,0.98444078,4.747e-06,1.000000,1.000000,0.250000,4.000000
637,spikes,1,0.02491760,0,0,primary,primary,0.98541260,0.98541323,6.352e-07,1.000000,1.000000,0.250000,4.000000
638,spikes,1,-0.12452698,0,0,primary,primary,0.98632812,0.98632491,3.219e-06,1.000000,1.000000,0.250000,4.000000
639,spikes,1,-1.80000305,0,0,residual,residual,0.93786621,0.93786317,3.045e-06,1.000000,1.000000,0.250000,4.000000
640,spikes,1,0.11587524,0,0,primary,primary,0.94177246,0.94174672,2.574e-05,1.000000,1.000000,0.250000,4.000000
641,spikes,1,-0.13452148,0,0,primary,primary,0.94543457,0.94538755,4.702e-05,1.000000,1.000000,0.250000,4.000000
642,spikes,1,0.05680847,0,0,primary,primary,0.94885254,0.94880083,5.171e-05,1.000000,1.000000,0.250000,4.000000
643,spikes,1,-0.17037964,0,0,primary,primary,0.95202637,0.95200077,2.559e-05,1.000000,1.000000,0.250000,4.000000
644,spikes,1,0.02821350,0,0,primary,primary,0.95501709,0.95500073,1.636e-05,1.000000,1.000000,0.250000,4.000000
645,spikes,1,0.09121704,0,0,primary,primary,0.95782471,0.95781318,1.153e-05,1.000000,1.000000,0.250000,4.000000
646,spikes,1,-0.14675903,0,0,primary,primary,0.96044922,0.96044986,6.383e-07,1.000000,1.000000,0.250000,4.000000
647,spikes,1,0.18008423,0,0,primary,primary,0.96295166,0.96292174,2.992e-05,1.000000,1.000000,0.250000,4.000000
648,spikes,1,0.00936890,0,0,primary,primary,0.96527100,0.96523913,3.186e-05,1.000000,1.000000,0.250000,4.000000
649,spikes,1,0.16903687,0,0,primary,primary,0.96746826,0.96741169,5.658e-05,1.000000,1.000000,0.250000,4.000000
650,spikes,1,-0.06314087,0,0,primary,primary,0.96948242,0.96944846,3.397e-05,1.000000,1.000000,0.250000,4.000000
651,spikes,1,-0.07273865,0,0,primary,primary,0.97137451,0.97135793,1.658e-05,1.000000,1.000000,0.250000,4.000000
652,spikes,1,-0.10362244,0,0,primary,primary,0.97314453,0.97314806,3.526e-06,1.000000,1.000000,0.250000,4.000000
653,spikes,1,0.19728088,0,0,primary,primary,0.97485352,0.97482630,2.721e-05,1.000000,1.000000,0.250000,4.000000
654,spikes,1,0.03115845,0,0,primary,primary,0.97644043,0.97639966,4.077e-05,1.000000,1.000000,0.250000,4.000000
655,spikes,1,-0.01004028,0,0,primary,primary,0.97790527,0.97787468,3.059e-05,1.000000,1.000000,0.250000,4.000000
656,spikes,1,0.13307190,0,0,primary,primary,0.97930908,0.97925751,5.157e-05,1.000000,1.000000,0.250000,4.000000
657,spikes,1,0.16517639,0,0,primary,primary,0.98059082,0.98055392,3.690e-05,1.000000,1.000000,0.250000,4.000000
658,spikes,1,0.07196045,0,0,primary,primary,0.98181152,0.98176930,4.222e-05,1.000000,1.000000,0.250000,4.000000
659,spikes,1,0.04351807,0,0,primary,primary,0.98297119,0.98290872,6.247e-05,1.000000,1.000000,0.250000,4.000000
660,spikes,1,0.14768982,0,0,primary,primary,0.98400879,0.98397692,3.187e-05,1.000000,1.000000,0.250000,4.000000
661,spikes,1,0.19871521,0,0,primary,primary,0.98498535,0.98497837,6.987e-06,1.000000,1.000000,0.250000,4.000000
662,spikes,1,-0.00930786,0,0,primary,primary,0.98590088,0.98591722,1.634e-05,1.000000,1.000000,0.250000,4.000000
663,spikes,1,0.13929749,0,0,primary,primary,0.98675537,0.98679739,4.202e-05,1.000000,1.000000,0.250000,4.000000
664,spikes,1,1.99000549,0,0,residual,residual,0.92651367,0.92656413,5.045e-05,1.000000,1.000000,0.250000,4.000000
665,spikes,1,0.12397766,0,0,primary,primary,0.93109131,0.93115387,6.256e-05,1.000000,1.000000,0.250000,4.000000
666,spikes,1,0.02606201,0,0,primary,primary,0.93542480,0.93545675,3.195e-05,1.000000,1.000000,0.250000,4.000000
667,spikes,1,0.19479370,0,0,primary,primary,0.93945312,0.93949071,3.758e-05,1.000000,1.000000,0.250000,4.000000
668,spikes,1,-0.09271240,0,0,primary,primary,0.94323730,0.94327254,3.523e-05,1.000000,1.000000,0.250000,4.000000
669,spikes,1,-0.02049255,0,0,primary,primary,0.94677734,0.94681800,4.066e-05,1.000000,1.000000,0.250000,4.000000
670,spikes,1,-0.02940369,0,0,primary,primary,0.95013428,0.95014188,7.600e-06,1.000000,1.000000,0.250000,4.000000
671,spikes,1,-0.16416931,0,0,primary,primary,0.95324707,0.95325801,1.094e-05,1.000000,1.000000,0.250000,4.000000
672,spikes,1,0.14663696,0,0,primary,primary,0.95617676,0.95617938,2.627e-06,1.000000,1.000000,0.250000,4.000000
673,spikes,1,0.00843811,0,0,primary,primary,0.95892334,0.95891817,5.167e-06,1.000000,1.000000,0.250000,4.000000
674,spikes,1,-0.14179993,0,0,primary,primary,0.96148682,0.96148579,1.029e-06,1.000000,1.000000,0.250000,4.000000
675,spikes,1,-0.02819824,0,0,primary,primary,0.96386719,0.96389293,2.574e-05,1.000000,1.000000,0.250000,4.000000
676,spikes,1,-0.04577637,0,0,primary,primary,0.96612549,0.96614962,2.413e-05,1.000000,1.000000,0.250000,4.000000
677,spikes,1,-0.03771973,0,0,primary,primary,0.96826172,0.96826527,3.548e-06,1.000000,1.000000,0.250000,4.000000
678,spikes,1,-0.10113525,0,0,primary,primary,0.97027588,0.97024869,2.719e-05,1.000000,1.000000,0.250000,4.000000
679,spikes,1,-0.01449585,0,0,primary,primary,0.97210693,0.97210814,1.211e-06,1.000000,1.000000,0.250000,4.000000
680,spikes,1,0.01353455,0,0,primary,primary,0.97387695,0.97385139,2.557e-05,1.000000,1.000000,0.250000,4.000000
681,spikes,1,0.04707336,0,0,primary,primary,0.97552490,0.97548567,3.923e-05,1.000000,1.000000,0.250000,4.000000
682,spikes,1,-0.03291321,0,0,primary,primary,0.97705078,0.97701782,3.296e-05,1.000000,1.000000,0.250000,4.000000
683,spikes,1,0.11853027,0,0,primary,primary,0.97851562,0.97845421,6.142e-05,1.000000,1.000000,0.250000,4.000000
684,spikes,1,0.04725647,0,0,primary,primary,0.97985840,0.97980082,5.758e-05,1.000000,1.000000,0.250000,4.000000
685,spikes,1,-0.05657959,0,0,primary,primary,0.98114014,0.98106327,7.687e-05,1.000000,1.000000,0.250000,4.000000
686,spikes,1,-0.15016174,0,0,primary,primary,0.98229980,0.98224681,5.299e-05,1.000000,1.000000,0.250000,4.000000
687,spikes,1,-0.06620789,0,0,primary,primary,0.98339844,0.98335639,4.205e-05,1.000000,1.000000,0.250000,4.000000
688,spikes,1,0.11633301,0,0,primary,primary,0.98443604,0.98439661,3.942e-05,1.000000,1.000000,0.250000,4.000000
689,spikes,1,-2.00000000,0,0,residual,residual,0.92388916,0.92384704,4.212e-05,1.000000,1.000000,0.250000,4.000000
690,spikes,1,-0.03932190,0,0,primary,primary,0.92864990,0.92860660,4.331e-05,1.000000,1.000000,0.250000,4.000000
691,spikes,1,-0.16390991,0,0,primary,primary,0.93310547,0.93306868,3.678e-05,1.000000,1.000000,0.250000,4.000000
692,spikes,1,-0.12434387,0,0,primary,primary,0.93731689,0.93725189,6.500e-05,1.000000,1.000000,0.250000,4.000000
693,spikes,1,-0.14680481,0,0,primary,primary,0.94122314,0.94117365,4.950e-05,1.000000,1.000000,0.250000,4.000000
694,spikes,1,-0.07385254,0,0,primary,primary,0.94488525,0.94485029,3.496e-05,1.000000,1.000000,0.250000,4.000000
695,spikes,1,-0.06779480,0,0,primary,primary,0.94830322,0.94829715,6.071e-06,1.000000,1.000000,0.250000,4.000000
696,spikes,1,-0.15736389,0,0,primary,primary,0.95153809,0.95152858,9.506e-06,1.000000,1.000000,0.250000,4.000000
697,spikes,1,0.13973999,0,0,primary,primary,0.95458984,0.95455804,3.180e-05,1.000000,1.000000,0.250000,4.000000
698,spikes,1,0.15061951,0,0,primary,primary,0.95745850,0.95739817,6.033e-05,1.000000,1.000000,0.250000,4.000000
699,spikes,1,-0.18830872,0,0,primary,primary,0.96014404,0.96006078,8.326e-05,1.000000,1.000000,0.250000,4.000000
700,spikes,1,0.03494263,0,0,primary,primary,0.96264648,0.96255698,8.950e-05,1.000000,1.000000,0.250000,4.000000
701,spikes,1,0.04096985,0,0,primary,primary,0.96496582,0.96489717,6.865e-05,1.000000,1.000000,0.250000,4.000000
702,spikes,1,-0.03411865,0,0,primary,primary,0.96716309,0.96709110,7.199e-05,1.000000,1.000000,0.250000,4.000000
703,spikes,1,0.12959290,0,0,primary,primary,0.96923828,0.96914790,9.038e-05,1.000000,1.000000,0.250000,4.000000
704,spikes,1,-0.16641235,0,0,primary,primary,0.97119141,0.97107616,1.152e-04,1.000000,1.000000,0.250000,4.000000
705,spikes,1,0.08251953,0,0,primary,primary,0.97302246,0.97288390,1.386e-04,1.000000,1.000000,0.250000,4.000000
706,spikes,1,0.07185364,0,0,primary,primary,0.97473145,0.97457866,1.528e-04,1.000000,1.000000,0.250000,4.000000
707,spikes,1,0.17245483,0,0,primary,primary,0.97631836,0.97616749,1.509e-04,1.000000,1.000000,0.250000,4.000000
708,spikes,1,-0.17230225,0,0,primary,primary,0.97778320,0.97765702,1.262e-04,1.000000,1.000000,0.250000,4.000000
709,spikes,1,-0.11470032,0,0,primary,primary,0.97918701,0.97905346,1.336e-04,1.000000,1.000000,0.250000,4.000000
710,spikes,1,-0.12554932,0,0,primary,primary,0.98046875,0.98036262,1.061e-04,1.000000,1.000000,0.250000,4.000000
711,spikes,1,0.08862305,0,0,primary,primary,0.98168945,0.98158995,9.950e-05,1.000000,1.000000,0.250000,4.000000
712,spikes,1,0.09716797,0,0,primary,primary,0.98284912,0.98274058,1.085e-04,1.000000,1.000000,0.250000,4.000000
713,spikes,1,0.17727661,0,0,primary,primary,0.98394775,0.98381929,1.285e-04,1.000000,1.000000,0.250000,4.000000
714,spikes,1,1.80000305,0,0,residual,residual,0.93572998,0.93563944,9.054e-05,1.000000,1.000000,0.250000,4.000000
715,spikes,1,0.16442871,0,0,primary,primary,0.93975830,0.93966197,9.633e-05,1.000000,1.000000,0.250000,4.000000
716,spikes,1,-0.11062622,0,0,primary,primary,0.94354248,0.94343310,1.094e-04,1.000000,1.000000,0.250000,4.000000
717,spikes,1,-0.07084656,0,0,primary,primary,0.94708252,0.94696853,1.140e-04,1.000000,1.000000,0.250000,4.000000
718,spikes,1,0.18177795,0,0,primary,primary,0.95037842,0.95028300,9.542e-05,1.000000,1.000000,0.250000,4.000000
719,spikes,1,0.02716064,0,0,primary,primary,0.95349121,0.95339031,1.009e-04,1.000000,1.000000,0.250000,4.000000
720,spikes,1,0.14643860,0,0,primary,primary,0.95642090,0.95630342,1.175e-04,1.000000,1.000000,0.250000,4.000000
721,spikes,1,-0.05484009,0,0,primary,primary,0.95916748,0.95903445,1.330e-04,1.000000,1.000000,0.250000,4.000000
722,spikes,1,0.05641174,0,0,primary,primary,0.96173096,0.96159480,1.362e-04,1.000000,1.000000,0.250000,4.000000
723,spikes,1,-0.04359436,0,0,primary,primary,0.96411133,0.96399512,1.162e-04,1.000000,1.000000,0.250000,4.000000
724,spikes,1,0.03898621,0,0,primary,primary,0.96636963,0.96624543,1.242e-04,1.000000,1.000000,0.250000,4.000000
725,spikes,1,-0.05996704,0,0,primary,primary,0.96844482,0.96835509,8.974e-05,1.000000,1.000000,0.250000,4.000000
726,spikes,1,0.02420044,0,0,primary,primary,0.97039795,0.97033290,6.505e-05,1.000000,1.000000,0.250000,4.000000
727,spikes,1,0.18467712,0,0,primary,primary,0.97222900,0.97218709,4.191e-05,1.000000,1.000000,0.250000,4.000000
728,spikes,1,-0.03712463,0,0,primary,primary,0.97393799,0.97392540,1.259e-05,1.000000,1.000000,0.250000,4.000000
729,spikes,1,-0.16621399,0,0,primary,primary,0.97558594,0.97555506,3.088e-05,1.000000,1.000000,0.250000,4.000000
730,spikes,1,-0.06828308,0,0,primary,primary,0.97711182,0.97708287,2.895e-05,1.000000,1.000000,0.250000,4.000000
731,spikes,1,0.16888428,0,0,primary,primary,0.97851562,0.97851519,4.360e-07,1.000000,1.000000,0.250000,4.000000
732,spikes,1,-0.04499817,0,0,primary,primary,0.97985840,0.97985799,4.087e-07,1.000000,1.000000,0.250000,4.000000
733,spikes,1,0.09509277,0,0,primary,primary,0.98114014,0.98111687,2.327e-05,1.000000,1.000000,0.250000,4.000000
734,spikes,1,0.15158081,0,0,primary,primary,0.98229980,0.98229706,2.743e-06,1.000000,1.000000,0.250000,4.000000
735,spikes,1,-0.08634949,0,0,primary,primary,0.98339844,0.98340349,5.057e-06,1.000000,1.000000,0.250000,4.000000
736,spikes,1,0.18460083,0,0,primary,primary,0.98443604,0.98444078,4.741e-06,1.000000,1.000000,0.250000,4.000000
737,spikes,1,0.06492615,0,0,primary,primary,0.98541260,0.98541323,6.303e-07,1.000000,1.000000,0.250000,4.000000
738,spikes,1,0.17633057,0,0,primary,primary,0.98632812,0.98632490,3.224e-06,1.000000,1.000000,0.250000,4.000000
739,spikes,1,-1.80000305,0,0,residual,residual,0.93786621,0.93786316,3.049e-06,1.000000,1.000000,0.250000,4.000000
740,spikes,1,-0.12396240,0,0,primary,primary,0.94177246,0.94174671,2.575e-05,1.000000,1.000000,0.250000,4.000000
741,spikes,1,0.09138489,0,0,primary,primary,0.94543457,0.94538754,4.703e-05,1.000000,1.000000,0.250000,4.000000
742,spikes,1,0.15933228,0,0,primary,primary,0.94885254,0.94880082,5.172e-05,1.000000,1.000000,0.250000,4.000000
743,spikes,1,0.09596252,0,0,primary,primary,0.95202637,0.95200077,2.560e-05,1.000000,1.000000,0.250000,4.000000
744,spikes,1,-0.08033752,0,0,primary,primary,0.95501709,0.95500072,1.637e-05,1.000000,1.000000,0.250000,4.000000
745,spikes,1,-0.19282532,0,0,primary,primary,0.95782471,0.95781318,1.153e-05,1.000000,1.000000,0.250000,4.000000
746,spikes,1,0.10946655,0,0,primary,primary,0.96044922,0.96044985,6.357e-07,1.000000,1.000000,0.250000,4.000000
747,spikes,1,-0.15589905,0,0,primary,primary,0.96295166,0.96292174,2.992e-05,1.000000,1.000000,0.250000,4.000000
748,spikes,1,0.12666321,0,0,primary,primary,0.96527100,0.96523913,3.187e-05,1.000000,1.000000,0.250000,4.000000
749,spikes,1,0.18093872,0,0,primary,primary,0.96746826,0.96741168,5.658e-05,1.000000,1.000000,0.250000,4.000000
750,spikes,1,-0.05461121,0,0,primary,primary,0.96948242,0.96944845,3.397e-05,1.000000,1.000000,0.250000,4.000000
751,spikes,1,0.08438110,0,0,primary,primary,0.97137451,0.97135793,1.659e-05,1.000000,1.000000,0.250000,4.000000
752,spikes,1,0.18437195,0,0,primary,primary,0.97314453,0.97314806,3.524e-06,1.000000,1.000000,0.250000,4.000000
753,spikes,1,-0.12643433,0,0,primary,primary,0.97485352,0.97482630,2.721e-05,1.000000,1.000000,0.250000,4.000000
754,spikes,1,0.11584473,0,0,primary,primary,0.97644043,0.97639966,4.077e-05,1.000000,1.000000,0.250000,4.000000
755,spikes,1,-0.08358765,0,0,primary,primary,0.97790527,0.97787468,3.059e-05,1.000000,1.000000,0.250000,4.000000
756,spikes,1,-0.13177490,0,0,primary,primary,0.97930908,0.97925751,5.157e-05,1.000000,1.000000,0.250000,4.000000
757,spikes,1,0.13095093,0,0,primary,primary,0.98059082,0.98055392,3.690e-05,1.000000,1.000000,0.250000,4.000000
758,spikes,1,0.19230652,0,0,primary,primary,0.98181152,0.98176930,4.223e-05,1.000000,1.000000,0.250000,4.000000
759,spikes,1,-0.03117371,0,0,primary,primary,0.98297119,0.98290872,6.247e-05,1.000000,1.000000,0.250000,4.000000
760,spikes,1,0.16654968,0,0,primary,primary,0.98400879,0.98397692,3.187e-05,1.000000,1.000000,0.250000,4.000000
761,spikes,1,0.14424133,0,0,primary,primary,0.98498535,0.98497836,6.987e-06,1.000000,1.000000,0.250000,4.000000
762,spikes,1,0.14010620,0,0,primary,primary,0.98590088,0.98591722,1.634e-05,1.000000,1.000000,0.250000,4.000000
763,spikes,1,-0.03886414,0,0,primary,primary,0.98675537,0.98679739,4.202e-05,1.000000,1.000000,0.250000,4.000000
764,spikes,1,1.99000549,0,0,residual,residual,0.92651367,0.92656413,5.045e-05,1.000000,1.000000,0.250000,4.000000
765,spikes,1,0.10893250,0,0,primary,primary,0.93109131,0.93115387,6.256e-05,1.000000,1.000000,0.250000,4.000000
766,spikes,1,-0.12573242,0,0,primary,primary,0.93542480,0.93545675,3.195e-05,1.000000,1.000000,0.250000,4.000000
767,spikes,1,0.16790771,0,0,primary,primary,0.93945312,0.93949070,3.758e-05,1.000000,1.000000,0.250000,4.000000
768,spikes,1,-0.08622742,0,0,primary,primary,0.94323730,0.94327254,3.523e-05,1.000000,1.000000,0.250000,4.000000
769,spikes,1,0.11410522,0,0,primary,primary,0.94677734,0.94681800,4.066e-05,1.000000,1.000000,0.250000,4.000000
770,spikes,1,0.00645447,0,0,primary,primary,0.95013428,0.95014188,7.600e-06,1.000000,1.000000,0.250000,4.000000
771,spikes,1,0.16578674,0,0,primary,primary,0.95324707,0.95325801,1.094e-05,1.000000,1.000000,0.250000,4.000000
772,spikes,1,0.13285828,0,0,primary,primary,0.95617676,0.95617938,2.626e-06,1.000000,1.000000,0.250000,4.000000
773,spikes,1,-0.10711670,0,0,primary,primary,0.95892334,0.95891817,5.167e-06,1.000000,1.000000,0.250000,4.000000
774,spikes,1,-0.01091003,0,0,primary,primary,0.96148682,0.96148579,1.030e-06,1.000000,1.000000,0.250000,4.000000
775,spikes,1,-0.05474854,0,0,primary,primary,0.96386719,0.96389293,2.574e-05,1.000000,1.000000,0.250000,4.000000
776,spikes,1,-0.15328979,0,0,primary,primary,0.96612549,0.96614962,2.413e-05,1.000000,1.000000,0.250000,4.000000
777,spikes,1,0.16554260,0,0,primary,primary,0.96826172,0.96826527,3.547e-06,1.000000,1.000000,0.250000,4.000000
778,spikes,1,-0.03688049,0,0,primary,primary,0.97027588,0.97024869,2.719e-05,1.000000,1.000000,0.250000,4.000000
779,spikes,1,0.16796875,0,0,primary,primary,0.97210693,0.97210814,1.210e-06,1.000000,1.000000,0.250000,4.000000
780,spikes,1,-0.13066101,0,0,primary,primary,0.97387695,0.97385139,2.557e-05,1.000000,1.000000,0.250000,4.000000
781,spikes,1,0.00642395,0,0,primary,primary,0.97552490,0.97548567,3.923e-05,1.000000,1.000000,0.250000,4.000000
782,spikes,1,-0.08467102,0,0,primary,primary,0.97705078,0.97701782,3.296e-05,1.000000,1.000000,0.250000,4.000000
783,spikes,1,0.05097961,0,0,primary,primary,0.97851562,0.97845421,6.142e-05,1.000000,1.000000,0.250000,4.000000
784,spikes,1,-0.10261536,0,0,primary,primary,0.97985840,0.97980082,5.758e-05,1.000000,1.000000,0.250000,4.000000
785,spikes,1,-0.03405762,0,0,primary,primary,0.98114014,0.98106327,7.687e-05,1.000000,1.000000,0.250000,4.000000
786,spikes,1,-0.14808655,0,0,primary,primary,0.98229980,0.98224681,5.299e-05,1.000000,1.000000,0.250000,4.000000
787,spikes,1,-0.14065552,0,0,primary,primary,0.98339844,0.98335639,4.205e-05,1.000000,1.000000,0.250000,4.000000
788,spikes,1,0.00012207,0,0,primary,primary,0.98443604,0.98439661,3.942e-05,1.000000,1.000000,0.250000,4.000000
789,spikes,1,-2.00000000,0,0,residual,residual,0.92388916,0.92384704,4.212e-05,1.000000,1.000000,0.250000,4.000000
790,spikes,1,-0.00581360,0,0,primary,primary,0.92864990,0.92860660,4.331e-05,1.000000,1.000000,0.250000,4.000000
791,spikes,1,-0.11199951,0,0,primary,primary,0.93310547,0.93306868,3.679e-05,1.000000,1.000000,0.250000,4.000000
792,spikes,1,-0.12754822,0,0,primary,primary,0.93731689,0.93725189,6.500e-05,1.000000,1.000000,0.250000,4.000000
793,spikes,1,-0.00950623,0,0,primary,primary,0.94122314,0.94117365,4.950e-05,1.000000,1.000000,0.250000,4.000000
794,spikes,1,0.10278320,0,0,primary,primary,0.94488525,0.94485029,3.496e-05,1.000000,1.000000,0.250000,4.000000
795,spikes,1,-0.08549500,0,0,primary,primary,0.94830322,0.94829715,6.071e-06,1.000000,1.000000,0.250000,4.000000
796,spikes,1,0.00697327,0,0,primary,primary,0.95153809,0.95152858,9.507e-06,1.000000,1.000000,0.250000,4.000000
797,spikes,1,0.13078308,0,0,primary,primary,0.95458984,0.95455804,3.180e-05,1.000000,1.000000,0.250000,4.000000
798,spikes,1,-0.06330872,0,0,primary,primary,0.95745850,0.95739817,6.033e-05,1.000000,1.000000,0.250000,4.000000
799,spikes,1,0.00355530,0,0,primary,primary,0.96014404,0.96006078,8.326e-05,1.000000,1.000000,0.250000,4.000000
800,spikes,1,-0.15852356,0,0,primary,primary,0.96264648,0.96255698,8.950e-05,1.000000,1.000000,0.250000,4.000000
801,spikes,1,0.16976929,0,0,primary,primary,0.96496582,0.96489717,6.865e-05,1.000000,1.000000,0.250000,4.000000
802,shock_reset,0,0.00000000,0,1,none,none,1.00000000,1.00000000,0.000e+00,1.000000,1.000000,0.250000,4.000000
803,shock_pre,1,1.89999390,0,0,residual,residual,0.94372559,0.94375038,2.480e-05,1.000000,1.000000,0.250000,4.000000
804,shock_pre,1,1.89999390,0,0,residual,residual,0.89416504,0.89418038,1.534e-05,1.000000,1.000000,0.250000,4.000000
805,shock_pre,1,1.89999390,0,0,residual,residual,0.85046387,0.85049680,3.294e-05,1.000000,1.000000,0.250000,4.000000
806,shock_pre,1,1.89999390,0,0,residual,residual,0.81195068,0.81200063,4.995e-05,1.000000,1.000000,0.250000,4.000000
807,shock_pre,0,0.00000000,0,0,none,none,0.81195068,0.81200063,4.995e-05,1.000000,1.000000,0.250000,4.000000
808,shock_burst,1,0.05000305,1,0,residual,residual,0.81195068,0.81200063,4.995e-05,1.000000,1.000000,0.250000,4.000000
809,shock_burst,1,-0.05000305,1,0,residual,residual,0.81195068,0.81200063,4.995e-05,1.000000,1.000000,0.250000,4.000000
810,shock_burst,1,0.05000305,1,0,residual,residual,0.81195068,0.81200063,4.995e-05,1.000000,1.000000,0.250000,4.000000
811,shock_burst,1,-0.05000305,1,0,residual,residual,0.81195068,0.81200063,4.995e-05,1.000000,1.000000,0.250000,4.000000
812,shock_burst,1,0.05000305,1,0,residual,residual,0.81195068,0.81200063,4.995e-05,1.000000,1.000000,0.250000,4.000000
813,shock_burst,1,-0.05000305,1,0,residual,residual,0.81195068,0.81200063,4.995e-05,1.000000,1.000000,0.250000,4.000000
814,shock_burst,1,0.05000305,1,0,residual,residual,0.81195068,0.81200063,4.995e-05,1.000000,1.000000,0.250000,4.000000
815,shock_burst,1,-0.05000305,1,0,residual,residual,0.81195068,0.81200063,4.995e-05,1.000000,1.000000,0.250000,4.000000
816,shock_burst,1,0.05000305,1,0,residual,residual,0.81195068,0.81200063,4.995e-05,1.000000,1.000000,0.250000,4.000000
817,shock_burst,1,-0.05000305,1,0,residual,residual,0.81195068,0.81200063,4.995e-05,1.000000,1.000000,0.250000,4.000000
818,shock_burst,1,0.05000305,1,0,residual,residual,0.81195068,0.81200063,4.995e-05,1.000000,1.000000,0.250000,4.000000
819,shock_burst,1,-0.05000305,1,0,residual,residual,0.81195068,0.81200063,4.995e-05,1.000000,1.000000,0.250000,4.000000
820,shock_burst,1,0.05000305,1,0,residual,residual,0.81195068,0.81200063,4.995e-05,1.000000,1.000000,0.250000,4.000000
821,shock_burst,1,-0.05000305,1,0,residual,residual,0.81195068,0.81200063,4.995e-05,1.000000,1.000000,0.250000,4.000000
822,shock_burst,1,0.05000305,1,0,residual,residual,0.81195068,0.81200063,4.995e-05,1.000000,1.000000,0.250000,4.000000
823,shock_burst,1,-0.05000305,1,0,residual,residual,0.81195068,0.81200063,4.995e-05,1.000000,1.000000,0.250000,4.000000
824,shock_burst,1,0.05000305,1,0,residual,residual,0.81195068,0.81200063,4.995e-05,1.000000,1.000000,0.250000,4.000000
825,shock_burst,1,-0.05000305,1,0,residual,residual,0.81195068,0.81200063,4.995e-05,1.000000,1.000000,0.250000,4.000000
826,shock_burst,1,0.05000305,1,0,residual,residual,0.81195068,0.81200063,4.995e-05,1.000000,1.000000,0.250000,4.000000
827,shock_burst,1,-0.05000305,1,0,residual,residual,0.81195068,0.81200063,4.995e-05,1.000000,1.000000,0.250000,4.000000
828,shock_burst,1,0.05000305,1,0,residual,residual,0.81195068,0.81200063,4.995e-05,1.000000,1.000000,0.250000,4.000000
829,shock_burst,1,-0.05000305,1,0,residual,residual,0.81195068,0.81200063,4.995e-05,1.000000,1.000000,0.250000,4.000000
830,shock_burst,1,0.05000305,1,0,residual,residual,0.81195068,0.81200063,4.995e-05,1.000000,1.000000,0.250000,4.000000
831,shock_burst,1,-0.05000305,1,0,residual,residual,0.81195068,0.81200063,4.995e-05,1.000000,1.000000,0.250000,4.000000
832,shock_burst,1,0.05000305,1,0,residual,residual,0.81195068,0.81200063,4.995e-05,1.000000,1.000000,0.250000,4.000000
833,shock_burst,1,-0.05000305,1,0,residual,residual,0.81195068,0.81200063,4.995e-05,1.000000,1.000000,0.250000,4.000000
834,shock_burst,1,0.05000305,1,0,residual,residual,0.81195068,0.81200063,4.995e-05,1.000000,1.000000,0.250000,4.000000
835,shock_burst,1,-0.05000305,1,0,residual,residual,0.81195068,0.81200063,4.995e-05,1.000000,1.000000,0.250000,4.000000
836,shock_burst,1,0.05000305,1,0,residual,residual,0.81195068,0.81200063,4.995e-05,1.000000,1.000000,0.250000,4.000000
837,shock_burst,1,-0.05000305,1,0,residual,residual,0.81195068,0.81200063,4.995e-05,1.000000,1.000000,0.250000,4.000000
838,shock_burst,1,0.05000305,1,0,residual,residual,0.81195068,0.81200063,4.995e-05,1.000000,1.000000,0.250000,4.000000
839,shock_burst,1,-0.05000305,1,0,residual,residual,0.81195068,0.81200063,4.995e-05,1.000000,1.000000,0.250000,4.000000
840,reset_pre,1,-1.94999695,0,0,residual,residual,0.77551270,0.77553821,2.552e-05,1.000000,1.000000,0.250000,4.000000
841,reset_pre,1,-1.94999695,0,0,residual,residual,0.74346924,0.74351964,5.040e-05,1.000000,1.000000,0.250000,4.000000
842,reset_pre,1,-1.94999695,0,0,residual,residual,0.71533203,0.71540333,7.129e-05,1.000000,1.000000,0.250000,4.000000
843,reset_pre,1,-1.94999695,0,0,residual,residual,0.69067383,0.69071368,3.985e-05,1.000000,1.000000,0.250000,4.000000
844,reset_pre,1,-1.94999695,0,0,residual,residual,0.66900635,0.66903308,2.674e-05,1.000000,1.000000,0.250000,4.000000
845,reset_pre,1,-1.94999695,0,0,residual,residual,0.64996338,0.64999480,3.142e-05,1.000000,1.000000,0.250000,4.000000
846,reset_pre,0,0.00000000,0,0,none,none,0.64996338,0.64999480,3.142e-05,1.000000,1.000000,0.250000,4.000000
847,reset_hold,0,0.00000000,0,1,none,none,1.00000000,1.00000000,0.000e+00,1.000000,1.000000,0.250000,4.000000
848,reset_hold,1,0.10000610,0,1,primary,primary,1.00000000,1.00000000,0.000e+00,1.000000,1.000000,0.250000,4.000000
849,reset_release,1,0.10000610,0,0,primary,primary,1.00000000,1.00000000,0.000e+00,1.000000,1.000000,0.250000,4.000000
850,clamp_max,0,0.00000000,0,1,none,none,3.00000000,3.00000000,0.000e+00,10.000000,6.000000,0.250000,3.000000
851,clamp_max,1,0.30000305,0,0,primary,primary,3.00000000,3.00000000,0.000e+00,10.000000,6.000000,0.250000,3.000000
852,clamp_max,1,0.30000305,0,0,primary,primary,3.00000000,3.00000000,0.000e+00,10.000000,6.000000,0.250000,3.000000
853,clamp_max,1,0.30000305,0,0,primary,primary,3.00000000,3.00000000,0.000e+00,10.000000,6.000000,0.250000,3.000000
854,clamp_max,1,0.30000305,0,0,primary,primary,3.00000000,3.00000000,0.000e+00,10.000000,6.000000,0.250000,3.000000
855,clamp_max,1,0.30000305,0,0,primary,primary,3.00000000,3.00000000,0.000e+00,10.000000,6.000000,0.250000,3.000000
856,clamp_max,1,0.30000305,0,0,primary,primary,3.00000000,3.00000000,0.000e+00,10.000000,6.000000,0.250000,3.000000
857,clamp_max,1,0.30000305,0,0,primary,primary,3.00000000,3.00000000,0.000e+00,10.000000,6.000000,0.250000,3.000000
858,clamp_max,1,0.30000305,0,0,primary,primary,3.00000000,3.00000000,0.000e+00,10.000000,6.000000,0.250000,3.000000
859,clamp_max,1,0.30000305,0,0,primary,primary,3.00000000,3.00000000,0.000e+00,10.000000,6.000000,0.250000,3.000000
860,clamp_max,1,0.30000305,0,0,primary,primary,3.00000000,3.00000000,0.000e+00,10.000000,6.000000,0.250000,3.000000
861,clamp_max,1,0.30000305,0,0,primary,primary,3.00000000,3.00000000,0.000e+00,10.000000,6.000000,0.250000,3.000000
862,clamp_max,1,0.30000305,0,0,primary,primary,3.00000000,3.00000000,0.000e+00,10.000000,6.000000,0.250000,3.000000
863,clamp_max,1,0.30000305,0,0,primary,primary,3.00000000,3.00000000,0.000e+00,10.000000,6.000000,0.250000,3.000000
864,clamp_max,1,0.30000305,0,0,primary,primary,3.00000000,3.00000000,0.000e+00,10.000000,6.000000,0.250000,3.000000
865,clamp_max,1,0.30000305,0,0,primary,primary,3.00000000,3.00000000,0.000e+00,10.000000,6.000000,0.250000,3.000000
866,clamp_max,1,0.30000305,0,0,primary,primary,3.00000000,3.00000000,0.000e+00,10.000000,6.000000,0.250000,3.000000
867,clamp_max,1,0.30000305,0,0,primary,primary,3.00000000,3.00000000,0.000e+00,10.000000,6.000000,0.250000,3.000000
868,clamp_max,1,0.30000305,0,0,primary,primary,3.00000000,3.00000000,0.000e+00,10.000000,6.000000,0.250000,3.000000
869,clamp_max,1,0.30000305,0,0,primary,primary,3.00000000,3.00000000,0.000e+00,10.000000,6.000000,0.250000,3.000000
870,clamp_max,1,0.30000305,0,0,primary,primary,3.00000000,3.00000000,0.000e+00,10.000000,6.000000,0.250000,3.000000
871,clamp_max,1,0.30000305,0,0,primary,primary,3.00000000,3.00000000,0.000e+00,10.000000,6.000000,0.250000,3.000000
872,clamp_max,1,0.30000305,0,0,primary,primary,3.00000000,3.00000000,0.000e+00,10.000000,6.000000,0.250000,3.000000
873,clamp_max,1,0.30000305,0,0,primary,primary,3.00000000,3.00000000,0.000e+00,10.000000,6.000000,0.250000,3.000000
874,clamp_max,1,0.30000305,0,0,primary,primary,3.00000000,3.00000000,0.000e+00,10.000000,6.000000,0.250000,3.000000
875,clamp_max,1,0.30000305,0,0,primary,primary,3.00000000,3.00000000,0.000e+00,10.000000,6.000000,0.250000,3.000000
876,clamp_max,1,0.30000305,0,0,primary,primary,3.00000000,3.00000000,0.000e+00,10.000000,6.000000,0.250000,3.000000
877,clamp_max,1,0.30000305,0,0,primary,primary,3.00000000,3.00000000,0.000e+00,10.000000,6.000000,0.250000,3.000000
878,clamp_max,1,0.30000305,0,0,primary,primary,3.00000000,3.00000000,0.000e+00,10.000000,6.000000,0.250000,3.000000
879,clamp_max,1,0.30000305,0,0,primary,primary,3.00000000,3.00000000,0.000e+00,10.000000,6.000000,0.250000,3.000000
880,clamp_max,1,0.30000305,0,0,primary,primary,3.00000000,3.00000000,0.000e+00,10.000000,6.000000,0.250000,3.000000
881,clamp_max,1,0.30000305,0,0,primary,primary,3.00000000,3.00000000,0.000e+00,10.000000,6.000000,0.250000,3.000000
882,clamp_max,1,0.30000305,0,0,primary,primary,3.00000000,3.00000000,0.000e+00,10.000000,6.000000,0.250000,3.000000
883,clamp_max,1,0.30000305,0,0,primary,primary,3.00000000,3.00000000,0.000e+00,10.000000,6.000000,0.250000,3.000000
884,clamp_max,1,0.30000305,0,0,primary,primary,3.00000000,3.00000000,0.000e+00,10.000000,6.000000,0.250000,3.000000
885,clamp_max,1,0.30000305,0,0,primary,primary,3.00000000,3.00000000,0.000e+00,10.000000,6.000000,0.250000,3.000000
886,clamp_max,1,0.30000305,0,0,primary,primary,3.00000000,3.00000000,0.000e+00,10.000000,6.000000,0.250000,3.000000
887,clamp_max,1,0.30000305,0,0,primary,primary,3.00000000,3.00000000,0.000e+00,10.000000,6.000000,0.250000,3.000000
888,clamp_max,1,0.30000305,0,0,primary,primary,3.00000000,3.00000000,0.000e+00,10.000000,6.000000,0.250000,3.000000
889,clamp_max,1,0.30000305,0,0,primary,primary,3.00000000,3.00000000,0.000e+00,10.000000,6.000000,0.250000,3.000000
890,clamp_max,1,0.30000305,0,0,primary,primary,3.00000000,3.00000000,0.000e+00,10.000000,6.000000,0.250000,3.000000
891,clamp_max,1,0.30000305,0,0,primary,primary,3.00000000,3.00000000,0.000e+00,10.000000,6.000000,0.250000,3.000000
892,clamp_max,1,0.30000305,0,0,primary,primary,3.00000000,3.00000000,0.000e+00,10.000000,6.000000,0.250000,3.000000
893,clamp_max,1,0.30000305,0,0,primary,primary,3.00000000,3.00000000,0.000e+00,10.000000,6.000000,0.250000,3.000000
894,clamp_max,1,0.30000305,0,0,primary,primary,3.00000000,3.00000000,0.000e+00,10.000000,6.000000,0.250000,3.000000
895,clamp_max,1,0.30000305,0,0,primary,primary,3.00000000,3.00000000,0.000e+00,10.000000,6.000000,0.250000,3.000000
896,clamp_max,1,0.30000305,0,0,primary,primary,3.00000000,3.00000000,0.000e+00,10.000000,6.000000,0.250000,3.000000
897,clamp_max,1,0.30000305,0,0,primary,primary,3.00000000,3.00000000,0.000e+00,10.000000,6.000000,0.250000,3.000000
898,clamp_max,1,0.30000305,0,0,primary,primary,3.00000000,3.00000000,0.000e+00,10.000000,6.000000,0.250000,3.000000
899,clamp_max,1,0.30000305,0,0,primary,primary,3.00000000,3.00000000,0.000e+00,10.000000,6.000000,0.250000,3.000000
900,clamp_max,1,0.30000305,0,0,primary,primary,3.00000000,3.00000000,0.000e+00,10.000000,6.000000,0.250000,3.000000
901,clamp_min,0,0.00000000,0,1,none,none,1.00000000,1.00000000,0.000e+00,0.500000,1.000000,0.500000,4.000000
902,clamp_min,1,-1.89999390,0,0,residual,residual,0.91247559,0.91250038,2.480e-05,0.500000,1.000000,0.500000,4.000000
903,clamp_min,1,1.89999390,0,0,residual,residual,0.83538818,0.83539131,3.126e-06,0.500000,1.000000,0.500000,4.000000
904,clamp_min,1,-1.89999390,0,0,residual,residual,0.76745605,0.76743891,1.714e-05,0.500000,1.000000,0.500000,4.000000
905,clamp_min,1,1.89999390,0,0,residual,residual,0.70758057,0.70755583,2.473e-05,0.500000,1.000000,0.500000,4.000000
906,clamp_min,1,-1.89999390,0,0,residual,residual,0.65478516,0.65478385,1.309e-06,0.500000,1.000000,0.500000,4.000000
907,clamp_min,1,1.89999390,0,0,residual,residual,0.60827637,0.60827851,2.148e-06,0.500000,1.000000,0.500000,4.000000
908,clamp_min,1,-1.89999390,0,0,residual,residual,0.56732178,0.56729567,2.610e-05,0.500000,1.000000,0.500000,4.000000
909,clamp_min,1,1.89999390,0,0,residual,residual,0.53118896,0.53117953,9.436e-06,0.500000,1.000000,0.500000,4.000000
910,clamp_min,1,-1.89999390,0,0,residual,residual,0.50000000,0.50000000,0.000e+00,0.500000,1.000000,0.500000,4.000000
911,clamp_min,1,1.89999390,0,0,residual,residual,0.50000000,0.50000000,0.000e+00,0.500000,1.000000,0.500000,4.000000
912,clamp_min,1,-1.89999390,0,0,residual,residual,0.50000000,0.50000000,0.000e+00,0.500000,1.000000,0.500000,4.000000
913,clamp_min,1,1.89999390,0,0,residual,residual,0.50000000,0.50000000,0.000e+00,0.500000,1.000000,0.500000,4.000000
914,clamp_min,1,-1.89999390,0,0,residual,residual,0.50000000,0.50000000,0.000e+00,0.500000,1.000000,0.500000,4.000000
915,clamp_min,1,1.89999390,0,0,residual,residual,0.50000000,0.50000000,0.000e+00,0.500000,1.000000,0.500000,4.000000
916,clamp_min,1,-1.89999390,0,0,residual,residual,0.50000000,0.50000000,0.000e+00,0.500000,1.000000,0.500000,4.000000
917,clamp_min,1,1.89999390,0,0,residual,residual,0.50000000,0.50000000,0.000e+00,0.500000,1.000000,0.500000,4.000000
918,clamp_min,1,-1.89999390,0,0,residual,residual,0.50000000,0.50000000,0.000e+00,0.500000,1.000000,0.500000,4.000000
919,clamp_min,1,1.89999390,0,0,residual,residual,0.50000000,0.50000000,0.000e+00,0.500000,1.000000,0.500000,4.000000
920,clamp_min,1,-1.89999390,0,0,residual,residual,0.50000000,0.50000000,0.000e+00,0.500000,1.000000,0.500000,4.000000
921,clamp_min,1,1.89999390,0,0,residual,residual,0.50000000,0.50000000,0.000e+00,0.500000,1.000000,0.500000,4.000000
922,clamp_min,1,-1.89999390,0,0,residual,residual,0.50000000,0.50000000,0.000e+00,0.500000,1.000000,0.500000,4.000000
923,clamp_min,1,1.89999390,0,0,residual,residual,0.50000000,0.50000000,0.000e+00,0.500000,1.000000,0.500000,4.000000
924,clamp_min,1,-1.89999390,0,0,residual,residual,0.50000000,0.50000000,0.000e+00,0.500000,1.000000,0.500000,4.000000
925,clamp_min,1,1.89999390,0,0,residual,residual,0.50000000,0.50000000,0.000e+00,0.500000,1.000000,0.500000,4.000000
926,clamp_min,1,-1.89999390,0,0,residual,residual,0.50000000,0.50000000,0.000e+00,0.500000,1.000000,0.500000,4.000000
927,clamp_min,1,1.89999390,0,0,residual,residual,0.50000000,0.50000000,0.000e+00,0.500000,1.000000,0.500000,4.000000
928,clamp_min,1,-1.89999390,0,0,residual,residual,0.50000000,0.50000000,0.000e+00,0.500000,1.000000,0.500000,4.000000
929,clamp_min,1,1.89999390,0,0,residual,residual,0.50000000,0.50000000,0.000e+00,0.500000,1.000000,0.500000,4.000000
930,clamp_min,1,-1.89999390,0,0,residual,residual,0.50000000,0.50000000,0.000e+00,0.500000,1.000000,0.500000,4.000000
931,clamp_min,1,1.89999390,0,0,residual,residual,0.50000000,0.50000000,0.000e+00,0.500000,1.000000,0.500000,4.000000
932,clamp_min,1,-1.89999390,0,0,residual,residual,0.50000000,0.50000000,0.000e+00,0.500000,1.000000,0.500000,4.000000
933,clamp_min,1,1.89999390,0,0,residual,residual,0.50000000,0.50000000,0.000e+00,0.500000,1.000000,0.500000,4.000000
934,clamp_min,1,-1.89999390,0,0,residual,residual,0.50000000,0.50000000,0.000e+00,0.500000,1.000000,0.500000,4.000000
935,clamp_min,1,1.89999390,0,0,residual,residual,0.50000000,0.50000000,0.000e+00,0.500000,1.000000,0.500000,4.000000
936,clamp_min,1,-1.89999390,0,0,residual,residual,0.50000000,0.50000000,0.000e+00,0.500000,1.000000,0.500000,4.000000
937,clamp_min,1,1.89999390,0,0,residual,residual,0.50000000,0.50000000,0.000e+00,0.500000,1.000000,0.500000,4.000000
938,clamp_min,1,-1.89999390,0,0,residual,residual,0.50000000,0.50000000,0.000e+00,0.500000,1.000000,0.500000,4.000000
939,clamp_min,1,1.89999390,0,0,residual,residual,0.50000000,0.50000000,0.000e+00,0.500000,1.000000,0.500000,4.000000
940,clamp_min,1,-1.89999390,0,0,residual,residual,0.50000000,0.50000000,0.000e+00,0.500000,1.000000,0.500000,4.000000
941,clamp_min,1,1.89999390,0,0,residual,residual,0.50000000,0.50000000,0.000e+00,0.500000,1.000000,0.500000,4.000000
942,clamp_min,1,-1.89999390,0,0,residual,residual,0.50000000,0.50000000,0.000e+00,0.500000,1.000000,0.500000,4.000000
943,clamp_min,1,1.89999390,0,0,residual,residual,0.50000000,0.50000000,0.000e+00,0.500000,1.000000,0.500000,4.000000
944,clamp_min,1,-1.89999390,0,0,residual,residual,0.50000000,0.50000000,0.000e+00,0.500000,1.000000,0.500000,4.000000
945,clamp_min,1,1.89999390,0,0,residual,residual,0.50000000,0.50000000,0.000e+00,0.500000,1.000000,0.500000,4.000000
946,clamp_min,1,-1.89999390,0,0,residual,residual,0.50000000,0.50000000,0.000e+00,0.500000,1.000000,0.500000,4.000000
947,clamp_min,1,1.89999390,0,0,residual,residual,0.50000000,0.50000000,0.000e+00,0.500000,1.000000,0.500000,4.000000
948,clamp_min,1,-1.89999390,0,0,residual,residual,0.50000000,0.50000000,0.000e+00,0.500000,1.000000,0.500000,4.000000
949,clamp_min,1,1.89999390,0,0,residual,residual,0.50000000,0.50000000,0.000e+00,0.500000,1.000000,0.500000,4.000000
950,clamp_min,1,-1.89999390,0,0,residual,residual,0.50000000,0.50000000,0.000e+00,0.500000,1.000000,0.500000,4.000000
951,clamp_min,1,1.89999390,0,0,residual,residual,0.50000000,0.50000000,0.000e+00,0.500000,1.000000,0.500000,4.000000
952,clamp_min,1,-1.89999390,0,0,residual,residual,0.50000000,0.50000000,0.000e+00,0.500000,1.000000,0.500000,4.000000
953,clamp_min,1,1.89999390,0,0,residual,residual,0.50000000,0.50000000,0.000e+00,0.500000,1.000000,0.500000,4.000000
954,clamp_min,1,-1.89999390,0,0,residual,residual,0.50000000,0.50000000,0.000e+00,0.500000,1.000000,0.500000,4.000000
955,clamp_min,1,1.89999390,0,0,residual,residual,0.50000000,0.50000000,0.000e+00,0.500000,1.000000,0.500000,4.000000
956,clamp_min,1,-1.89999390,0,0,residual,residual,0.50000000,0.50000000,0.000e+00,0.500000,1.000000,0.500000,4.000000
957,clamp_min,1,1.89999390,0,0,residual,residual,0.50000000,0.50000000,0.000e+00,0.500000,1.000000,0.500000,4.000000
958,clamp_min,1,-1.89999390,0,0,residual,residual,0.50000000,0.50000000,0.000e+00,0.500000,1.000000,0.500000,4.000000
959,clamp_min,1,1.89999390,0,0,residual,residual,0.50000000,0.50000000,0.000e+00,0.500000,1.000000,0.500000,4.000000
960,clamp_min,1,-1.89999390,0,0,residual,residual,0.50000000,0.50000000,0.000e+00,0.500000,1.000000,0.500000,4.000000
961,clamp_min,1,1.89999390,0,0,residual,residual,0.50000000,0.50000000,0.000e+00,0.500000,1.000000,0.500000,4.000000
962,clamp_min,1,-1.89999390,0,0,residual,residual,0.50000000,0.50000000,0.000e+00,0.500000,1.000000,0.500000,4.000000
963,clamp_min,1,1.89999390,0,0,residual,residual,0.50000000,0.50000000,0.000e+00,0.500000,1.000000,0.500000,4.000000
964,clamp_min,1,-1.89999390,0,0,residual,residual,0.50000000,0.50000000,0.000e+00,0.500000,1.000000,0.500000,4.000000
965,clamp_min,1,1.89999390,0,0,residual,residual,0.50000000,0.50000000,0.000e+00,0.500000,1.000000,0.500000,4.000000
966,clamp_min,1,-1.89999390,0,0,residual,residual,0.50000000,0.50000000,0.000e+00,0.500000,1.000000,0.500000,4.000000
967,clamp_min,1,1.89999390,0,0,residual,residual,0.50000000,0.50000000,0.000e+00,0.500000,1.000000,0.500000,4.000000
968,clamp_min,1,-1.89999390,0,0,residual,residual,0.50000000,0.50000000,0.000e+00,0.500000,1.000000,0.500000,4.000000
969,clamp_min,1,1.89999390,0,0,residual,residual,0.50000000,0.50000000,0.000e+00,0.500000,1.000000,0.500000,4.000000
970,clamp_min,1,-1.89999390,0,0,residual,residual,0.50000000,0.50000000,0.000e+00,0.500000,1.000000,0.500000,4.000000
971,clamp_min,1,1.89999390,0,0,residual,residual,0.50000000,0.50000000,0.000e+00,0.500000,1.000000,0.500000,4.000000
972,clamp_min,1,-1.89999390,0,0,residual,residual,0.50000000,0.50000000,0.000e+00,0.500000,1.000000,0.500000,4.000000
973,clamp_min,1,1.89999390,0,0,residual,residual,0.50000000,0.50000000,0.000e+00,0.500000,1.000000,0.500000,4.000000
974,clamp_min,1,-1.89999390,0,0,residual,residual,0.50000000,0.50000000,0.000e+00,0.500000,1.000000,0.500000,4.000000
975,clamp_min,1,1.89999390,0,0,residual,residual,0.50000000,0.50000000,0.000e+00,0.500000,1.000000,0.500000,4.000000
976,clamp_min,1,-1.89999390,0,0,residual,residual,0.50000000,0.50000000,0.000e+00,0.500000,1.000000,0.500000,4.000000
977,clamp_min,1,1.89999390,0,0,residual,residual,0.50000000,0.50000000,0.000e+00,0.500000,1.000000,0.500000,4.000000
978,clamp_min,1,-1.89999390,0,0,residual,residual,0.50000000,0.50000000,0.000e+00,0.500000,1.000000,0.500000,4.000000
979,clamp_min,1,1.89999390,0,0,residual,residual,0.50000000,0.50000000,0.000e+00,0.500000,1.000000,0.500000,4.000000
980,clamp_min,1,-1.89999390,0,0,residual,residual,0.50000000,0.50000000,0.000e+00,0.500000,1.000000,0.500000,4.000000
981,clamp_min,1,1.89999390,0,0,residual,residual,0.50000000,0.50000000,0.000e+00,0.500000,1.000000,0.500000,4.000000
982,clamp_min,1,-1.89999390,0,0,residual,residual,0.50000000,0.50000000,0.000e+00,0.500000,1.000000,0.500000,4.000000
983,clamp_min,1,1.89999390,0,0,residual,residual,0.50000000,0.50000000,0.000e+00,0.500000,1.000000,0.500000,4.000000
984,clamp_min,1,-1.89999390,0,0,residual,residual,0.50000000,0.50000000,0.000e+00,0.500000,1.000000,0.500000,4.000000
985,clamp_min,1,1.89999390,0,0,residual,residual,0.50000000,0.50000000,0.000e+00,0.500000,1.000000,0.500000,4.000000
986,clamp_min,1,-1.89999390,0,0,residual,residual,0.50000000,0.50000000,0.000e+00,0.500000,1.000000,0.500000,4.000000
987,clamp_min,1,1.89999390,0,0,residual,residual,0.50000000,0.50000000,0.000e+00,0.500000,1.000000,0.500000,4.000000
988,clamp_min,1,-1.89999390,0,0,residual,residual,0.50000000,0.50000000,0.000e+00,0.500000,1.000000,0.500000,4.000000
989,clamp_min,1,1.89999390,0,0,residual,residual,0.50000000,0.50000000,0.000e+00,0.500000,1.000000,0.500000,4.000000
990,clamp_min,1,-1.89999390,0,0,residual,residual,0.50000000,0.50000000,0.000e+00,0.500000,1.000000,0.500000,4.000000
991,clamp_min,1,1.89999390,0,0,residual,residual,0.50000000,0.50000000,0.000e+00,0.500000,1.000000,0.500000,4.000000
992,clamp_min,1,-1.89999390,0,0,residual,residual,0.50000000,0.50000000,0.000e+00,0.500000,1.000000,0.500000,4.000000
993,clamp_min,1,1.89999390,0,0,residual,residual,0.50000000,0.50000000,0.000e+00,0.500000,1.000000,0.500000,4.000000
994,clamp_min,1,-1.89999390,0,0,residual,residual,0.50000000,0.50000000,0.000e+00,0.500000,1.000000,0.500000,4.000000
995,clamp_min,1,1.89999390,0,0,residual,residual,0.50000000,0.50000000,0.000e+00,0.500000,1.000000,0.500000,4.000000
996,clamp_min,1,-1.89999390,0,0,residual,residual,0.50000000,0.50000000,0.000e+00,0.500000,1.000000,0.500000,4.000000
997,clamp_min,1,1.89999390,0,0,residual,residual,0.50000000,0.50000000,0.000e+00,0.500000,1.000000,0.500000,4.000000
998,clamp_min,1,-1.89999390,0,0,residual,residual,0.50000000,0.50000000,0.000e+00,0.500000,1.000000,0.500000,4.000000
999,clamp_min,1,1.89999390,0,0,residual,residual,0.50000000,0.50000000,0.000e+00,0.500000,1.000000,0.500000,4.000000
1000,clamp_min,1,-1.89999390,0,0,residual,residual,0.50000000,0.50000000,0.000e+00,0.500000,1.000000,0.500000,4.000000
1001,clamp_min,1,1.89999390,0,0,residual,residual,0.50000000,0.50000000,0.000e+00,0.500000,1.000000,0.500000,4.000000
1002,clamp_min,1,-1.89999390,0,0,residual,residual,0.50000000,0.50000000,0.000e+00,0.500000,1.000000,0.500000,4.000000
1003,clamp_min,1,1.89999390,0,0,residual,residual,0.50000000,0.50000000,0.000e+00,0.500000,1.000000,0.500000,4.000000
1004,clamp_min,1,-1.89999390,0,0,residual,residual,0.50000000,0.50000000,0.000e+00,0.500000,1.000000,0.500000,4.000000
1005,clamp_min,1,1.89999390,0,0,residual,residual,0.50000000,0.50000000,0.000e+00,0.500000,1.000000,0.500000,4.000000
1006,clamp_min,1,-1.89999390,0,0,residual,residual,0.50000000,0.50000000,0.000e+00,0.500000,1.000000,0.500000,4.000000
1007,clamp_min,1,1.89999390,0,0,residual,residual,0.50000000,0.50000000,0.000e+00,0.500000,1.000000,0.500000,4.000000
1008,clamp_min,1,-1.89999390,0,0,residual,residual,0.50000000,0.50000000,0.000e+00,0.500000,1.000000,0.500000,4.000000
1009,clamp_min,1,1.89999390,0,0,residual,residual,0.50000000,0.50000000,0.000e+00,0.500000,1.000000,0.500000,4.000000
1010,clamp_min,1,-1.89999390,0,0,residual,residual,0.50000000,0.50000000,0.000e+00,0.500000,1.000000,0.500000,4.000000
1011,clamp_min,1,1.89999390,0,0,residual,residual,0.50000000,0.50000000,0.000e+00,0.500000,1.000000,0.500000,4.000000
1012,clamp_min,1,-1.89999390,0,0,residual,residual,0.50000000,0.50000000,0.000e+00,0.500000,1.000000,0.500000,4.000000
1013,clamp_min,1,1.89999390,0,0,residual,residual,0.50000000,0.50000000,0.000e+00,0.500000,1.000000,0.500000,4.000000
1014,clamp_min,1,-1.89999390,0,0,residual,residual,0.50000000,0.50000000,0.000e+00,0.500000,1.000000,0.500000,4.000000
1015,clamp_min,1,1.89999390,0,0,residual,residual,0.50000000,0.50000000,0.000e+00,0.500000,1.000000,0.500000,4.000000
1016,clamp_min,1,-1.89999390,0,0,residual,residual,0.50000000,0.50000000,0.000e+00,0.500000,1.000000,0.500000,4.000000
1017,clamp_min,1,1.89999390,0,0,residual,residual,0.50000000,0.50000000,0.000e+00,0.500000,1.000000,0.500000,4.000000
1018,clamp_min,1,-1.89999390,0,0,residual,residual,0.50000000,0.50000000,0.000e+00,0.500000,1.000000,0.500000,4.000000
1019,clamp_min,1,1.89999390,0,0,residual,residual,0.50000000,0.50000000,0.000e+00,0.500000,1.000000,0.500000,4.000000
1020,clamp_min,1,-1.89999390,0,0,residual,residual,0.50000000,0.50000000,0.000e+00,0.500000,1.000000,0.500000,4.000000
1021,clamp_min,1,1.89999390,0,0,residual,residual,0.50000000,0.50000000,0.000e+00,0.500000,1.000000,0.500000,4.000000
1022,clamp_min,1,-1.89999390,0,0,residual,residual,0.50000000,0.50000000,0.000e+00,0.500000,1.000000,0.500000,4.000000
1023,clamp_min,1,1.89999390,0,0,residual,residual,0.50000000,0.50000000,0.000e+00,0.500000,1.000000,0.500000,4.000000
1024,clamp_min,1,-1.89999390,0,0,residual,residual,0.50000000,0.50000000,0.000e+00,0.500000,1.000000,0.500000,4.000000
1025,clamp_min,1,1.89999390,0,0,residual,residual,0.50000000,0.50000000,0.000e+00,0.500000,1.000000,0.500000,4.000000
1026,clamp_min,1,-1.89999390,0,0,residual,residual,0.50000000,0.50000000,0.000e+00,0.500000,1.000000,0.500000,4.000000
1027,clamp_min,1,1.89999390,0,0,residual,residual,0.50000000,0.50000000,0.000e+00,0.500000,1.000000,0.500000,4.000000
1028,clamp_min,1,-1.89999390,0,0,residual,residual,0.50000000,0.50000000,0.000e+00,0.500000,1.000000,0.500000,4.000000
1029,clamp_min,1,1.89999390,0,0,residual,residual,0.50000000,0.50000000,0.000e+00,0.500000,1.000000,0.500000,4.000000
1030,clamp_min,1,-1.89999390,0,0,residual,residual,0.50000000,0.50000000,0.000e+00,0.500000,1.000000,0.500000,4.000000
1031,clamp_min,1,1.89999390,0,0,residual,residual,0.50000000,0.50000000,0.000e+00,0.500000,1.000000,0.500000,4.000000
1032,clamp_min,1,-1.89999390,0,0,residual,residual,0.50000000,0.50000000,0.000e+00,0.500000,1.000000,0.500000,4.000000
1033,clamp_min,1,1.89999390,0,0,residual,residual,0.50000000,0.50000000,0.000e+00,0.500000,1.000000,0.500000,4.000000
1034,clamp_min,1,-1.89999390,0,0,residual,residual,0.50000000,0.50000000,0.000e+00,0.500000,1.000000,0.500000,4.000000
1035,clamp_min,1,1.89999390,0,0,residual,residual,0.50000000,0.50000000,0.000e+00,0.500000,1.000000,0.500000,4.000000
1036,clamp_min,1,-1.89999390,0,0,residual,residual,0.50000000,0.50000000,0.000e+00,0.500000,1.000000,0.500000,4.000000
1037,clamp_min,1,1.89999390,0,0,residual,residual,0.50000000,0.50000000,0.000e+00,0.500000,1.000000,0.500000,4.000000
1038,clamp_min,1,-1.89999390,0,0,residual,residual,0.50000000,0.50000000,0.000e+00,0.500000,1.000000,0.500000,4.000000
1039,clamp_min,1,1.89999390,0,0,residual,residual,0.50000000,0.50000000,0.000e+00,0.500000,1.000000,0.500000,4.000000
1040,clamp_min,1,-1.89999390,0,0,residual,residual,0.50000000,0.50000000,0.000e+00,0.500000,1.000000,0.500000,4.000000
1041,clamp_min,1,1.89999390,0,0,residual,residual,0.50000000,0.50000000,0.000e+00,0.500000,1.000000,0.500000,4.000000
1042,clamp_min,1,-1.89999390,0,0,residual,residual,0.50000000,0.50000000,0.000e+00,0.500000,1.000000,0.500000,4.000000
1043,clamp_min,1,1.89999390,0,0,residual,residual,0.50000000,0.50000000,0.000e+00,0.500000,1.000000,0.500000,4.000000
1044,clamp_min,1,-1.89999390,0,0,residual,residual,0.50000000,0.50000000,0.000e+00,0.500000,1.000000,0.500000,4.000000
1045,clamp_min,1,1.89999390,0,0,residual,residual,0.50000000,0.50000000,0.000e+00,0.500000,1.000000,0.500000,4.000000
1046,clamp_min,1,-1.89999390,0,0,residual,residual,0.50000000,0.50000000,0.000e+00,0.500000,1.000000,0.500000,4.000000
1047,clamp_min,1,1.89999390,0,0,residual,residual,0.50000000,0.50000000,0.000e+00,0.500000,1.000000,0.500000,4.000000
1048,clamp_min,1,-1.89999390,0,0,residual,residual,0.50000000,0.50000000,0.000e+00,0.500000,1.000000,0.500000,4.000000
1049,clamp_min,1,1.89999390,0,0,residual,residual,0.50000000,0.50000000,0.000e+00,0.500000,1.000000,0.500000,4.000000
1050,clamp_min,1,-1.89999390,0,0,residual,residual,0.50000000,0.50000000,0.000e+00,0.500000,1.000000,0.500000,4.000000
1051,clamp_min,1,1.89999390,0,0,residual,residual,0.50000000,0.50000000,0.000e+00,0.500000,1.000000,0.500000,4.000000
1052,clamp_min,1,-1.89999390,0,0,residual,residual,0.50000000,0.50000000,0.000e+00,0.500000,1.000000,0.500000,4.000000
1053,clamp_min,1,1.89999390,0,0,residual,residual,0.50000000,0.50000000,0.000e+00,0.500000,1.000000,0.500000,4.000000
1054,clamp_min,1,-1.89999390,0,0,residual,residual,0.50000000,0.50000000,0.000e+00,0.500000,1.000000,0.500000,4.000000
1055,clamp_min,1,1.89999390,0,0,residual,residual,0.50000000,0.50000000,0.000e+00,0.500000,1.000000,0.500000,4.000000
1056,clamp_min,1,-1.89999390,0,0,residual,residual,0.50000000,0.50000000,0.000e+00,0.500000,1.000000,0.500000,4.000000
1057,clamp_min,1,1.89999390,0,0,residual,residual,0.50000000,0.50000000,0.000e+00,0.500000,1.000000,0.500000,4.000000
1058,clamp_min,1,-1.89999390,0,0,residual,residual,0.50000000,0.50000000,0.000e+00,0.500000,1.000000,0.500000,4.000000
1059,clamp_min,1,1.89999390,0,0,residual,residual,0.50000000,0.50000000,0.000e+00,0.500000,1.000000,0.500000,4.000000
1060,clamp_min,1,-1.89999390,0,0,residual,residual,0.50000000,0.50000000,0.000e+00,0.500000,1.000000,0.500000,4.000000
1061,clamp_min,1,1.89999390,0,0,residual,residual,0.50000000,0.50000000,0.000e+00,0.500000,1.000000,0.500000,4.000000
1062,clamp_min,1,-1.89999390,0,0,residual,residual,0.50000000,0.50000000,0.000e+00,0.500000,1.000000,0.500000,4.000000
1063,clamp_min,1,1.89999390,0,0,residual,residual,0.50000000,0.50000000,0.000e+00,0.500000,1.000000,0.500000,4.000000
1064,clamp_min,1,-1.89999390,0,0,residual,residual,0.50000000,0.50000000,0.000e+00,0.500000,1.000000,0.500000,4.000000
1065,clamp_min,1,1.89999390,0,0,residual,residual,0.50000000,0.50000000,0.000e+00,0.500000,1.000000,0.500000,4.000000
1066,clamp_min,1,-1.89999390,0,0,residual,residual,0.50000000,0.50000000,0.000e+00,0.500000,1.000000,0.500000,4.000000
1067,clamp_min,1,1.89999390,0,0,residual,residual,0.50000000,0.50000000,0.000e+00,0.500000,1.000000,0.500000,4.000000
1068,clamp_min,1,-1.89999390,0,0,residual,residual,0.50000000,0.50000000,0.000e+00,0.500000,1.000000,0.500000,4.000000
1069,clamp_min,1,1.89999390,0,0,residual,residual,0.50000000,0.50000000,0.000e+00,0.500000,1.000000,0.500000,4.000000
1070,clamp_min,1,-1.89999390,0,0,residual,residual,0.50000000,0.50000000,0.000e+00,0.500000,1.000000,0.500000,4.000000
1071,clamp_min,1,1.89999390,0,0,residual,residual,0.50000000,0.50000000,0.000e+00,0.500000,1.000000,0.500000,4.000000
1072,clamp_min,1,-1.89999390,0,0,residual,residual,0.50000000,0.50000000,0.000e+00,0.500000,1.000000,0.500000,4.000000
1073,clamp_min,1,1.89999390,0,0,residual,residual,0.50000000,0.50000000,0.000e+00,0.500000,1.000000,0.500000,4.000000
1074,clamp_min,1,-1.89999390,0,0,residual,residual,0.50000000,0.50000000,0.000e+00,0.500000,1.000000,0.500000,4.000000
1075,clamp_min,1,1.89999390,0,0,residual,residual,0.50000000,0.50000000,0.000e+00,0.500000,1.000000,0.500000,4.000000
1076,clamp_min,1,-1.89999390,0,0,residual,residual,0.50000000,0.50000000,0.000e+00,0.500000,1.000000,0.500000,4.000000
1077,clamp_min,1,1.89999390,0,0,residual,residual,0.50000000,0.50000000,0.000e+00,0.500000,1.000000,0.500000,4.000000
1078,clamp_min,1,-1.89999390,0,0,residual,residual,0.50000000,0.50000000,0.000e+00,0.500000,1.000000,0.500000,4.000000
1079,clamp_min,1,1.89999390,0,0,residual,residual,0.50000000,0.50000000,0.000e+00,0.500000,1.000000,0.500000,4.000000
1080,clamp_min,1,-1.89999390,0,0,residual,residual,0.50000000,0.50000000,0.000e+00,0.500000,1.000000,0.500000,4.000000
1081,clamp_min,1,1.89999390,0,0,residual,residual,0.50000000,0.50000000,0.000e+00,0.500000,1.000000,0.500000,4.000000
1082,clamp_min,1,-1.89999390,0,0,residual,residual,0.50000000,0.50000000,0.000e+00,0.500000,1.000000,0.500000,4.000000
1083,clamp_min,1,1.89999390,0,0,residual,residual,0.50000000,0.50000000,0.000e+00,0.500000,1.000000,0.500000,4.000000
1084,clamp_min,1,-1.89999390,0,0,residual,residual,0.50000000,0.50000000,0.000e+00,0.500000,1.000000,0.500000,4.000000
1085,clamp_min,1,1.89999390,0,0,residual,residual,0.50000000,0.50000000,0.000e+00,0.500000,1.000000,0.500000,4.000000
1086,clamp_min,1,-1.89999390,0,0,residual,residual,0.50000000,0.50000000,0.000e+00,0.500000,1.000000,0.500000,4.000000
1087,clamp_min,1,1.89999390,0,0,residual,residual,0.50000000,0.50000000,0.000e+00,0.500000,1.000000,0.500000,4.000000
1088,clamp_min,1,-1.89999390,0,0,residual,residual,0.50000000,0.50000000,0.000e+00,0.500000,1.000000,0.500000,4.000000
1089,clamp_min,1,1.89999390,0,0,residual,residual,0.50000000,0.50000000,0.000e+00,0.500000,1.000000,0.500000,4.000000
1090,clamp_min,1,-1.89999390,0,0,residual,residual,0.50000000,0.50000000,0.000e+00,0.500000,1.000000,0.500000,4.000000
1091,clamp_min,1,1.89999390,0,0,residual,residual,0.50000000,0.50000000,0.000e+00,0.500000,1.000000,0.500000,4.000000
1092,clamp_min,1,-1.89999390,0,0,residual,residual,0.50000000,0.50000000,0.000e+00,0.500000,1.000000,0.500000,4.000000
1093,clamp_min,1,1.89999390,0,0,residual,residual,0.50000000,0.50000000,0.000e+00,0.500000,1.000000,0.500000,4.000000
1094,clamp_min,1,-1.89999390,0,0,residual,residual,0.50000000,0.50000000,0.000e+00,0.500000,1.000000,0.500000,4.000000
1095,clamp_min,1,1.89999390,0,0,residual,residual,0.50000000,0.50000000,0.000e+00,0.500000,1.000000,0.500000,4.000000
1096,clamp_min,1,-1.89999390,0,0,residual,residual,0.50000000,0.50000000,0.000e+00,0.500000,1.000000,0.500000,4.000000
1097,clamp_min,1,1.89999390,0,0,residual,residual,0.50000000,0.50000000,0.000e+00,0.500000,1.000000,0.500000,4.000000
1098,clamp_min,1,-1.89999390,0,0,residual,residual,0.50000000,0.50000000,0.000e+00,0.500000,1.000000,0.500000,4.000000
1099,clamp_min,1,1.89999390,0,0,residual,residual,0.50000000,0.50000000,0.000e+00,0.500000,1.000000,0.500000,4.000000
1100,clamp_min,1,-1.89999390,0,0,residual,residual,0.50000000,0.50000000,0.000e+00,0.500000,1.000000,0.500000,4.000000
1101,clamp_min,1,1.89999390,0,0,residual,residual,0.50000000,0.50000000,0.000e+00,0.500000,1.000000,0.500000,4.000000
1102,relax_reset,0,0.00000000,0,1,none,none,1.00000000,1.00000000,0.000e+00,1.000000,1.000000,0.250000,4.000000
1103,relax_pre,1,1.89999390,0,0,residual,residual,0.94372559,0.94375038,2.480e-05,1.000000,1.000000,0.250000,4.000000
1104,relax_pre,1,1.89999390,0,0,residual,residual,0.89416504,0.89418038,1.534e-05,1.000000,1.000000,0.250000,4.000000
1105,relax_pre,1,1.89999390,0,0,residual,residual,0.85046387,0.85049680,3.294e-05,1.000000,1.000000,0.250000,4.000000
1106,relax_pre,1,1.89999390,0,0,residual,residual,0.81195068,0.81200063,4.995e-05,1.000000,1.000000,0.250000,4.000000
1107,relax_pre,1,1.89999390,0,0,residual,residual,0.77801514,0.77807587,6.073e-05,1.000000,1.000000,0.250000,4.000000
1108,relax_pre,1,1.89999390,0,0,residual,residual,0.74810791,0.74817966,7.175e-05,1.000000,1.000000,0.250000,4.000000
1109,relax_pre,1,1.89999390,0,0,residual,residual,0.72174072,0.72183361,9.288e-05,1.000000,1.000000,0.250000,4.000000
1110,relax_pre,1,1.89999390,0,0,residual,residual,0.69854736,0.69861614,6.878e-05,1.000000,1.000000,0.250000,4.000000
1111,relax,1,0.05000305,0,0,primary,primary,0.71740723,0.71745263,4.541e-05,1.000000,1.000000,0.250000,4.000000
1112,relax,1,0.05000305,0,0,primary,primary,0.73504639,0.73511184,6.546e-05,1.000000,1.000000,0.250000,4.000000
1113,relax,1,0.05000305,0,0,primary,primary,0.75158691,0.75166735,8.044e-05,1.000000,1.000000,0.250000,4.000000
1114,relax,1,0.05000305,0,0,primary,primary,0.76708984,0.76718814,9.830e-05,1.000000,1.000000,0.250000,4.000000
1115,relax,1,0.05000305,0,0,primary,primary,0.78167725,0.78173888,6.164e-05,1.000000,1.000000,0.250000,4.000000
1116,relax,1,0.05000305,0,0,primary,primary,0.79534912,0.79538020,3.108e-05,1.000000,1.000000,0.250000,4.000000
1117,relax,1,0.05000305,0,0,primary,primary,0.80816650,0.80816894,2.437e-06,1.000000,1.000000,0.250000,4.000000
1118,relax,1,0.05000305,0,0,primary,primary,0.82012939,0.82015838,2.899e-05,1.000000,1.000000,0.250000,4.000000
1119,relax,1,0.05000305,0,0,primary,primary,0.83135986,0.83139848,3.862e-05,1.000000,1.000000,0.250000,4.000000
1120,relax,1,0.05000305,0,0,primary,primary,0.84191895,0.84193608,1.713e-05,1.000000,1.000000,0.250000,4.000000
1121,relax,1,0.05000305,0,0,primary,primary,0.85180664,0.85181507,8.433e-06,1.000000,1.000000,0.250000,4.000000
1122,relax,1,0.05000305,0,0,primary,primary,0.86108398,0.86107663,7.353e-06,1.000000,1.000000,0.250000,4.000000
1123,relax,1,0.05000305,0,0,primary,primary,0.86975098,0.86975934,8.365e-06,1.000000,1.000000,0.250000,4.000000
1124,relax,1,0.05000305,0,0,primary,primary,0.87786865,0.87789938,3.073e-05,1.000000,1.000000,0.250000,4.000000
1125,relax,1,0.05000305,0,0,primary,primary,0.88549805,0.88553067,3.262e-05,1.000000,1.000000,0.250000,4.000000
1126,relax,1,0.05000305,0,0,primary,primary,0.89263916,0.89268500,4.584e-05,1.000000,1.000000,0.250000,4.000000
1127,relax,1,0.05000305,0,0,primary,primary,0.89935303,0.89939219,3.916e-05,1.000000,1.000000,0.250000,4.000000
1128,relax,1,0.05000305,0,0,primary,primary,0.90563965,0.90568018,4.053e-05,1.000000,1.000000,0.250000,4.000000
1129,relax,1,0.05000305,0,0,primary,primary,0.91156006,0.91157517,1.511e-05,1.000000,1.000000,0.250000,4.000000
1130,relax,1,0.05000305,0,0,primary,primary,0.91711426,0.91710172,1.254e-05,1.000000,1.000000,0.250000,4.000000
1131,relax,1,0.05000305,0,0,primary,primary,0.92230225,0.92228286,1.938e-05,1.000000,1.000000,0.250000,4.000000
1132,relax,1,0.05000305,0,0,primary,primary,0.92718506,0.92714018,4.487e-05,1.000000,1.000000,0.250000,4.000000
1133,relax,1,0.05000305,0,0,primary,primary,0.93176270,0.93169392,6.877e-05,1.000000,1.000000,0.250000,4.000000
1134,relax,1,0.05000305,0,0,primary,primary,0.93603516,0.93596305,7.210e-05,1.000000,1.000000,0.250000,4.000000
1135,relax,1,0.05000305,0,0,primary,primary,0.94006348,0.93996536,9.811e-05,1.000000,1.000000,0.250000,4.000000
1136,relax,1,0.05000305,0,0,primary,primary,0.94378662,0.94371753,6.909e-05,1.000000,1.000000,0.250000,4.000000
1137,relax,1,0.05000305,0,0,primary,primary,0.94732666,0.94723518,9.148e-05,1.000000,1.000000,0.250000,4.000000
1138,relax,1,0.05000305,0,0,primary,primary,0.95062256,0.95053298,8.958e-05,1.000000,1.000000,0.250000,4.000000
1139,relax,1,0.05000305,0,0,primary,primary,0.95373535,0.95362467,1.107e-04,1.000000,1.000000,0.250000,4.000000
1140,relax,1,0.05000305,0,0,primary,primary,0.95660400,0.95652313,8.087e-05,1.000000,1.000000,0.250000,4.000000
1141,relax,1,0.05000305,0,0,primary,primary,0.95928955,0.95924043,4.912e-05,1.000000,1.000000,0.250000,4.000000
1142,relax,1,0.05000305,0,0,primary,primary,0.96185303,0.96178791,6.512e-05,1.000000,1.000000,0.250000,4.000000
1143,relax,1,0.05000305,0,0,primary,primary,0.96423340,0.96417616,5.724e-05,1.000000,1.000000,0.250000,4.000000
1144,relax,1,0.05000305,0,0,primary,primary,0.96649170,0.96641515,7.655e-05,1.000000,1.000000,0.250000,4.000000
1145,relax,1,0.05000305,0,0,primary,primary,0.96856689,0.96851421,5.269e-05,1.000000,1.000000,0.250000,4.000000
1146,relax,1,0.05000305,0,0,primary,primary,0.97052002,0.97048207,3.795e-05,1.000000,1.000000,0.250000,4.000000
1147,relax,1,0.05000305,0,0,primary,primary,0.97235107,0.97232694,2.414e-05,1.000000,1.000000,0.250000,4.000000
1148,relax,1,0.05000305,0,0,primary,primary,0.97406006,0.97405650,3.554e-06,1.000000,1.000000,0.250000,4.000000
1149,relax,1,0.05000305,0,0,primary,primary,0.97570801,0.97567797,3.003e-05,1.000000,1.000000,0.250000,4.000000
1150,relax,1,0.05000305,0,0,primary,primary,0.97723389,0.97719810,3.579e-05,1.000000,1.000000,0.250000,4.000000
1151,relax,1,0.05000305,0,0,primary,primary,0.97863770,0.97862322,1.448e-05,1.000000,1.000000,0.250000,4.000000
1152,relax,1,0.05000305,0,0,primary,primary,0.97998047,0.97995927,2.120e-05,1.000000,1.000000,0.250000,4.000000
1153,relax,1,0.05000305,0,0,primary,primary,0.98126221,0.98121181,5.039e-05,1.000000,1.000000,0.250000,4.000000
1154,relax,1,0.05000305,0,0,primary,primary,0.98242188,0.98238607,3.580e-05,1.000000,1.000000,0.250000,4.000000
1155,relax,1,0.05000305,0,0,primary,primary,0.98352051,0.98348695,3.356e-05,1.000000,1.000000,0.250000,4.000000
1156,relax,1,0.05000305,0,0,primary,primary,0.98455811,0.98451901,3.909e-05,1.000000,1.000000,0.250000,4.000000
1157,relax,1,0.05000305,0,0,primary,primary,0.98553467,0.98548657,4.810e-05,1.000000,1.000000,0.250000,4.000000
1158,relax,1,0.05000305,0,0,primary,primary,0.98645020,0.98639366,5.653e-05,1.000000,1.000000,0.250000,4.000000
1159,relax,1,0.05000305,0,0,primary,primary,0.98730469,0.98724406,6.063e-05,1.000000,1.000000,0.250000,4.000000
1160,relax,1,0.05000305,0,0,primary,primary,0.98809814,0.98804130,5.684e-05,1.000000,1.000000,0.250000,4.000000
1161,relax,1,0.05000305,0,0,primary,primary,0.98883057,0.98878872,4.184e-05,1.000000,1.000000,0.250000,4.000000
1162,relax,1,0.05000305,0,0,primary,primary,0.98950195,0.98948943,1.253e-05,1.000000,1.000000,0.250000,4.000000
1163,relax,1,0.05000305,0,0,primary,primary,0.99017334,0.99014634,2.700e-05,1.000000,1.000000,0.250000,4.000000
1164,relax,1,0.05000305,0,0,primary,primary,0.99078369,0.99076219,2.150e-05,1.000000,1.000000,0.250000,4.000000
1165,relax,1,0.05000305,0,0,primary,primary,0.99133301,0.99133956,6.548e-06,1.000000,1.000000,0.250000,4.000000
1166,relax,1,0.05000305,0,0,primary,primary,0.99188232,0.99188083,1.491e-06,1.000000,1.000000,0.250000,4.000000
1167,relax,1,0.05000305,0,0,primary,primary,0.99237061,0.99238828,1.768e-05,1.000000,1.000000,0.250000,4.000000
1168,relax,1,0.05000305,0,0,primary,primary,0.99285889,0.99286401,5.127e-06,1.000000,1.000000,0.250000,4.000000
1169,relax,1,0.05000305,0,0,primary,primary,0.99328613,0.99331001,2.388e-05,1.000000,1.000000,0.250000,4.000000
1170,relax,1,0.05000305,0,0,primary,primary,0.99371338,0.99372814,1.476e-05,1.000000,1.000000,0.250000,4.000000
1171,relax,1,0.05000305,0,0,primary,primary,0.99407959,0.99412013,4.054e-05,1.000000,1.000000,0.250000,4.000000
1172,relax,1,0.05000305,0,0,primary,primary,0.99444580,0.99448762,4.182e-05,1.000000,1.000000,0.250000,4.000000
1173,relax,1,0.05000305,0,0,primary,primary,0.99481201,0.99483214,2.013e-05,1.000000,1.000000,0.250000,4.000000
1174,relax,1,0.05000305,0,0,primary,primary,0.99511719,0.99515514,3.795e-05,1.000000,1.000000,0.250000,4.000000
1175,relax,1,0.05000305,0,0,primary,primary,0.99542236,0.99545794,3.558e-05,1.000000,1.000000,0.250000,4.000000
1176,relax,1,0.05000305,0,0,primary,primary,0.99572754,0.99574182,1.428e-05,1.000000,1.000000,0.250000,4.000000
1177,relax,1,0.05000305,0,0,primary,primary,0.99597168,0.99600795,3.627e-05,1.000000,1.000000,0.250000,4.000000
1178,relax,1,0.05000305,0,0,primary,primary,0.99621582,0.99625746,4.164e-05,1.000000,1.000000,0.250000,4.000000
1179,relax,1,0.05000305,0,0,primary,primary,0.99645996,0.99649137,3.141e-05,1.000000,1.000000,0.250000,4.000000
1180,relax,1,0.05000305,0,0,primary,primary,0.99670410,0.99671066,6.554e-06,1.000000,1.000000,0.250000,4.000000
1181,relax,1,0.05000305,0,0,primary,primary,0.99688721,0.99691624,2.903e-05,1.000000,1.000000,0.250000,4.000000
1182,relax,1,0.05000305,0,0,primary,primary,0.99707031,0.99710897,3.866e-05,1.000000,1.000000,0.250000,4.000000
1183,relax,1,0.05000305,0,0,primary,primary,0.99725342,0.99728966,3.625e-05,1.000000,1.000000,0.250000,4.000000
1184,relax,1,0.05000305,0,0,primary,primary,0.99743652,0.99745906,2.254e-05,1.000000,1.000000,0.250000,4.000000
1185,relax,1,0.05000305,0,0,primary,primary,0.99761963,0.99761787,1.760e-06,1.000000,1.000000,0.250000,4.000000
1186,relax,1,0.05000305,0,0,primary,primary,0.99774170,0.99776675,2.505e-05,1.000000,1.000000,0.250000,4.000000
1187,relax,1,0.05000305,0,0,primary,primary,0.99786377,0.99790633,4.256e-05,1.000000,1.000000,0.250000,4.000000
1188,relax,1,0.05000305,0,0,primary,primary,0.99798584,0.99803718,5.134e-05,1.000000,1.000000,0.250000,4.000000
1189,relax,1,0.05000305,0,0,primary,primary,0.99810791,0.99815986,5.195e-05,1.000000,1.000000,0.250000,4.000000
1190,relax,1,0.05000305,0,0,primary,primary,0.99822998,0.99827487,4.489e-05,1.000000,1.000000,0.250000,4.000000
1191,relax,1,0.05000305,0,0,primary,primary,0.99835205,0.99838269,3.064e-05,1.000000,1.000000,0.250000,4.000000
1192,relax,1,0.05000305,0,0,primary,primary,0.99847412,0.99848377,9.650e-06,1.000000,1.000000,0.250000,4.000000
1193,relax,1,0.05000305,0,0,primary,primary,0.99859619,0.99857854,1.766e-05,1.000000,1.000000,0.250000,4.000000
1194,relax,1,0.05000305,0,0,primary,primary,0.99865723,0.99866738,1.015e-05,1.000000,1.000000,0.250000,4.000000
1195,relax,1,0.05000305,0,0,primary,primary,0.99871826,0.99875067,3.240e-05,1.000000,1.000000,0.250000,4.000000
1196,relax,1,0.05000305,0,0,primary,primary,0.99877930,0.99882875,4.945e-05,1.000000,1.000000,0.250000,4.000000
1197,relax,1,0.05000305,0,0,primary,primary,0.99884033,0.99890195,6.162e-05,1.000000,1.000000,0.250000,4.000000
1198,relax,1,0.05000305,0,0,primary,primary,0.99890137,0.99897058,6.921e-05,1.000000,1.000000,0.250000,4.000000
1199,relax,1,0.05000305,0,0,primary,primary,0.99896240,0.99903492,7.252e-05,1.000000,1.000000,0.250000,4.000000
1200,relax,1,0.05000305,0,0,primary,primary,0.99902344,0.99909524,7.180e-05,1.000000,1.000000,0.250000,4.000000
1201,relax,1,0.05000305,0,0,primary,primary,0.99908447,0.99915178,6.731e-05,1.000000,1.000000,0.250000,4.000000
1202,relax,1,0.05000305,0,0,primary,primary,0.99914551,0.99920480,5.929e-05,1.000000,1.000000,0.250000,4.000000
1203,relax,1,0.05000305,0,0,primary,primary,0.99920654,0.99925450,4.796e-05,1.000000,1.000000,0.250000,4.000000
1204,relax,1,0.05000305,0,0,primary,primary,0.99926758,0.99930109,3.351e-05,1.000000,1.000000,0.250000,4.000000
1205,relax,1,0.05000305,0,0,primary,primary,0.99932861,0.99934477,1.616e-05,1.000000,1.000000,0.250000,4.000000
1206,relax,1,0.05000305,0,0,primary,primary,0.99938965,0.99938573,3.923e-06,1.000000,1.000000,0.250000,4.000000
1207,relax,1,0.05000305,0,0,primary,primary,0.99945068,0.99942412,2.657e-05,1.000000,1.000000,0.250000,4.000000
1208,relax,1,0.05000305,0,0,primary,primary,0.99951172,0.99946011,5.161e-05,1.000000,1.000000,0.250000,4.000000
1209,relax,1,0.05000305,0,0,primary,primary,0.99957275,0.99949385,7.890e-05,1.000000,1.000000,0.250000,4.000000
1210,relax,1,0.05000305,0,0,primary,primary,0.99957275,0.99952549,4.727e-05,1.000000,1.000000,0.250000,4.000000
1211,relax,1,0.05000305,0,0,primary,primary,0.99957275,0.99955514,1.761e-05,1.000000,1.000000,0.250000,4.000000
1212,relax,1,0.05000305,0,0,primary,primary,0.99957275,0.99958295,1.019e-05,1.000000,1.000000,0.250000,4.000000
1213,relax,1,0.05000305,0,0,primary,primary,0.99957275,0.99960901,3.626e-05,1.000000,1.000000,0.250000,4.000000
1214,relax,1,0.05000305,0,0,primary,primary,0.99957275,0.99963345,6.070e-05,1.000000,1.000000,0.250000,4.000000
1215,relax,1,0.05000305,0,0,primary,primary,0.99957275,0.99965636,8.361e-05,1.000000,1.000000,0.250000,4.000000
1216,relax,1,0.05000305,0,0,primary,primary,0.99957275,0.99967784,1.051e-04,1.000000,1.000000,0.250000,4.000000
1217,relax,1,0.05000305,0,0,primary,primary,0.99957275,0.99969797,1.252e-04,1.000000,1.000000,0.250000,4.000000
1218,relax,1,0.05000305,0,0,primary,primary,0.99957275,0.99971685,1.441e-04,1.000000,1.000000,0.250000,4.000000
1219,relax,1,0.05000305,0,0,primary,primary,0.99957275,0.99973455,1.618e-04,1.000000,1.000000,0.250000,4.000000
1220,relax,1,0.05000305,0,0,primary,primary,0.99957275,0.99975114,1.784e-04,1.000000,1.000000,0.250000,4.000000
1221,relax,1,0.05000305,0,0,primary,primary,0.99957275,0.99976669,1.939e-04,1.000000,1.000000,0.250000,4.000000
1222,relax,1,0.05000305,0,0,primary,primary,0.99957275,0.99978127,2.085e-04,1.000000,1.000000,0.250000,4.000000
1223,relax,1,0.05000305,0,0,primary,primary,0.99957275,0.99979494,2.222e-04,1.000000,1.000000,0.250000,4.000000
1224,relax,1,0.05000305,0,0,primary,primary,0.99957275,0.99980776,2.350e-04,1.000000,1.000000,0.250000,4.000000
1225,relax,1,0.05000305,0,0,primary,primary,0.99957275,0.99981977,2.470e-04,1.000000,1.000000,0.250000,4.000000
1226,relax,1,0.05000305,0,0,primary,primary,0.99957275,0.99983104,2.583e-04,1.000000,1.000000,0.250000,4.000000
1227,relax,1,0.05000305,0,0,primary,primary,0.99957275,0.99984160,2.688e-04,1.000000,1.000000,0.250000,4.000000
1228,relax,1,0.05000305,0,0,primary,primary,0.99957275,0.99985150,2.787e-04,1.000000,1.000000,0.250000,4.000000
1229,relax,1,0.05000305,0,0,primary,primary,0.99957275,0.99986078,2.880e-04,1.000000,1.000000,0.250000,4.000000
1230,relax,1,0.05000305,0,0,primary,primary,0.99957275,0.99986948,2.967e-04,1.000000,1.000000,0.250000,4.000000
1231,relax,1,0.05000305,0,0,primary,primary,0.99957275,0.99987764,3.049e-04,1.000000,1.000000,0.250000,4.000000
1232,relax,1,0.05000305,0,0,primary,primary,0.99957275,0.99988529,3.125e-04,1.000000,1.000000,0.250000,4.000000
1233,relax,1,0.05000305,0,0,primary,primary,0.99957275,0.99989246,3.197e-04,1.000000,1.000000,0.250000,4.000000
1234,relax,1,0.05000305,0,0,primary,primary,0.99957275,0.99989918,3.264e-04,1.000000,1.000000,0.250000,4.000000
1235,relax,1,0.05000305,0,0,primary,primary,0.99957275,0.99990548,3.327e-04,1.000000,1.000000,0.250000,4.000000
1236,relax,1,0.05000305,0,0,primary,primary,0.99957275,0.99991139,3.386e-04,1.000000,1.000000,0.250000,4.000000
1237,relax,1,0.05000305,0,0,primary,primary,0.99957275,0.99991692,3.442e-04,1.000000,1.000000,0.250000,4.000000
1238,relax,1,0.05000305,0,0,primary,primary,0.99957275,0.99992212,3.494e-04,1.000000,1.000000,0.250000,4.000000
1239,relax,1,0.05000305,0,0,primary,primary,0.99957275,0.99992698,3.542e-04,1.000000,1.000000,0.250000,4.000000
1240,relax,1,0.05000305,0,0,primary,primary,0.99957275,0.99993155,3.588e-04,1.000000,1.000000,0.250000,4.000000
1241,relax,1,0.05000305,0,0,primary,primary,0.99957275,0.99993583,3.631e-04,1.000000,1.000000,0.250000,4.000000
1242,relax,1,0.05000305,0,0,primary,primary,0.99957275,0.99993984,3.671e-04,1.000000,1.000000,0.250000,4.000000
1243,relax,1,0.05000305,0,0,primary,primary,0.99957275,0.99994360,3.708e-04,1.000000,1.000000,0.250000,4.000000
1244,relax,1,0.05000305,0,0,primary,primary,0.99957275,0.99994712,3.744e-04,1.000000,1.000000,0.250000,4.000000
1245,relax,1,0.05000305,0,0,primary,primary,0.99957275,0.99995043,3.777e-04,1.000000,1.000000,0.250000,4.000000
1246,relax,1,0.05000305,0,0,primary,primary,0.99957275,0.99995353,3.808e-04,1.000000,1.000000,0.250000,4.000000
1247,relax,1,0.05000305,0,0,primary,primary,0.99957275,0.99995643,3.837e-04,1.000000,1.000000,0.250000,4.000000
1248,relax,1,0.05000305,0,0,primary,primary,0.99957275,0.99995915,3.864e-04,1.000000,1.000000,0.250000,4.000000
1249,relax,1,0.05000305,0,0,primary,primary,0.99957275,0.99996171,3.890e-04,1.000000,1.000000,0.250000,4.000000
1250,relax,1,0.05000305,0,0,primary,primary,0.99957275,0.99996410,3.913e-04,1.000000,1.000000,0.250000,4.000000
1251,relax,1,0.05000305,0,0,primary,primary,0.99957275,0.99996634,3.936e-04,1.000000,1.000000,0.250000,4.000000
1252,relax,1,0.05000305,0,0,primary,primary,0.99957275,0.99996845,3.957e-04,1.000000,1.000000,0.250000,4.000000
1253,relax,1,0.05000305,0,0,primary,primary,0.99957275,0.99997042,3.977e-04,1.000000,1.000000,0.250000,4.000000
1254,relax,1,0.05000305,0,0,primary,primary,0.99957275,0.99997227,3.995e-04,1.000000,1.000000,0.250000,4.000000
1255,relax,1,0.05000305,0,0,primary,primary,0.99957275,0.99997400,4.012e-04,1.000000,1.000000,0.250000,4.000000
1256,relax,1,0.05000305,0,0,primary,primary,0.99957275,0.99997563,4.029e-04,1.000000,1.000000,0.250000,4.000000
1257,relax,1,0.05000305,0,0,primary,primary,0.99957275,0.99997715,4.044e-04,1.000000,1.000000,0.250000,4.000000
1258,relax,1,0.05000305,0,0,primary,primary,0.99957275,0.99997858,4.058e-04,1.000000,1.000000,0.250000,4.000000
1259,relax,1,0.05000305,0,0,primary,primary,0.99957275,0.99997992,4.072e-04,1.000000,1.000000,0.250000,4.000000
1260,relax,1,0.05000305,0,0,primary,primary,0.99957275,0.99998117,4.084e-04,1.000000,1.000000,0.250000,4.000000
1261,relax,1,0.05000305,0,0,primary,primary,0.99957275,0.99998235,4.096e-04,1.000000,1.000000,0.250000,4.000000
1262,relax,1,0.05000305,0,0,primary,primary,0.99957275,0.99998345,4.107e-04,1.000000,1.000000,0.250000,4.000000
1263,relax,1,0.05000305,0,0,primary,primary,0.99957275,0.99998449,4.117e-04,1.000000,1.000000,0.250000,4.000000
1264,relax,1,0.05000305,0,0,primary,primary,0.99957275,0.99998546,4.127e-04,1.000000,1.000000,0.250000,4.000000
1265,relax,1,0.05000305,0,0,primary,primary,0.99957275,0.99998636,4.136e-04,1.000000,1.000000,0.250000,4.000000
1266,relax,1,0.05000305,0,0,primary,primary,0.99957275,0.99998722,4.145e-04,1.000000,1.000000,0.250000,4.000000
1267,relax,1,0.05000305,0,0,primary,primary,0.99957275,0.99998802,4.153e-04,1.000000,1.000000,0.250000,4.000000
1268,relax,1,0.05000305,0,0,primary,primary,0.99957275,0.99998876,4.160e-04,1.000000,1.000000,0.250000,4.000000
1269,relax,1,0.05000305,0,0,primary,primary,0.99957275,0.99998947,4.167e-04,1.000000,1.000000,0.250000,4.000000
1270,relax,1,0.05000305,0,0,primary,primary,0.99957275,0.99999013,4.174e-04,1.000000,1.000000,0.250000,4.000000
1271,relax,1,0.05000305,0,0,primary,primary,0.99957275,0.99999074,4.180e-04,1.000000,1.000000,0.250000,4.000000
1272,relax,1,0.05000305,0,0,primary,primary,0.99957275,0.99999132,4.186e-04,1.000000,1.000000,0.250000,4.000000
1273,relax,1,0.05000305,0,0,primary,primary,0.99957275,0.99999186,4.191e-04,1.000000,1.000000,0.250000,4.000000
1274,relax,1,0.05000305,0,0,primary,primary,0.99957275,0.99999237,4.196e-04,1.000000,1.000000,0.250000,4.000000
1275,relax,1,0.05000305,0,0,primary,primary,0.99957275,0.99999285,4.201e-04,1.000000,1.000000,0.250000,4.000000
1276,relax,1,0.05000305,0,0,primary,primary,0.99957275,0.99999330,4.205e-04,1.000000,1.000000,0.250000,4.000000
1277,relax,1,0.05000305,0,0,primary,primary,0.99957275,0.99999371,4.210e-04,1.000000,1.000000,0.250000,4.000000
1278,relax,1,0.05000305,0,0,primary,primary,0.99957275,0.99999411,4.214e-04,1.000000,1.000000,0.250000,4.000000
1279,relax,1,0.05000305,0,0,primary,primary,0.99957275,0.99999448,4.217e-04,1.000000,1.000000,0.250000,4.000000
1280,relax,1,0.05000305,0,0,primary,primary,0.99957275,0.99999482,4.221e-04,1.000000,1.000000,0.250000,4.000000
1281,relax,1,0.05000305,0,0,primary,primary,0.99957275,0.99999514,4.224e-04,1.000000,1.000000,0.250000,4.000000
1282,relax,1,0.05000305,0,0,primary,primary,0.99957275,0.99999545,4.227e-04,1.000000,1.000000,0.250000,4.000000
1283,relax,1,0.05000305,0,0,primary,primary,0.99957275,0.99999573,4.230e-04,1.000000,1.000000,0.250000,4.000000
1284,relax,1,0.05000305,0,0,primary,primary,0.99957275,0.99999600,4.232e-04,1.000000,1.000000,0.250000,4.000000
1285,relax,1,0.05000305,0,0,primary,primary,0.99957275,0.99999625,4.235e-04,1.000000,1.000000,0.250000,4.000000
1286,relax,1,0.05000305,0,0,primary,primary,0.99957275,0.99999648,4.237e-04,1.000000,1.000000,0.250000,4.000000
1287,relax,1,0.05000305,0,0,primary,primary,0.99957275,0.99999670,4.239e-04,1.000000,1.000000,0.250000,4.000000
1288,relax,1,0.05000305,0,0,primary,primary,0.99957275,0.99999691,4.242e-04,1.000000,1.000000,0.250000,4.000000
1289,relax,1,0.05000305,0,0,primary,primary,0.99957275,0.99999710,4.243e-04,1.000000,1.000000,0.250000,4.000000
1290,relax,1,0.05000305,0,0,primary,primary,0.99957275,0.99999728,4.245e-04,1.000000,1.000000,0.250000,4.000000
1291,relax,1,0.05000305,0,0,primary,primary,0.99957275,0.99999745,4.247e-04,1.000000,1.000000,0.250000,4.000000
1292,relax,1,0.05000305,0,0,primary,primary,0.99957275,0.99999761,4.249e-04,1.000000,1.000000,0.250000,4.000000
1293,relax,1,0.05000305,0,0,primary,primary,0.99957275,0.99999776,4.250e-04,1.000000,1.000000,0.250000,4.000000
1294,relax,1,0.05000305,0,0,primary,primary,0.99957275,0.99999790,4.251e-04,1.000000,1.000000,0.250000,4.000000
1295,relax,1,0.05000305,0,0,primary,primary,0.99957275,0.99999803,4.253e-04,1.000000,1.000000,0.250000,4.000000
1296,relax,1,0.05000305,0,0,primary,primary,0.99957275,0.99999816,4.254e-04,1.000000,1.000000,0.250000,4.000000
1297,relax,1,0.05000305,0,0,primary,primary,0.99957275,0.99999827,4.255e-04,1.000000,1.000000,0.250000,4.000000
1298,relax,1,0.05000305,0,0,primary,primary,0.99957275,0.99999838,4.256e-04,1.000000,1.000000,0.250000,4.000000
1299,relax,1,0.05000305,0,0,primary,primary,0.99957275,0.99999848,4.257e-04,1.000000,1.000000,0.250000,4.000000
1300,relax,1,0.05000305,0,0,primary,primary,0.99957275,0.99999858,4.258e-04,1.000000,1.000000,0.250000,4.000000
1301,relax,1,0.05000305,0,0,primary,primary,0.99957275,0.99999866,4.259e-04,1.000000,1.000000,0.250000,4.000000
1302,relax,1,0.05000305,0,0,primary,primary,0.99957275,0.99999875,4.260e-04,1.000000,1.000000,0.250000,4.000000
1303,relax,1,0.05000305,0,0,primary,primary,0.99957275,0.99999883,4.261e-04,1.000000,1.000000,0.250000,4.000000
1304,relax,1,0.05000305,0,0,primary,primary,0.99957275,0.99999890,4.261e-04,1.000000,1.000000,0.250000,4.000000
1305,relax,1,0.05000305,0,0,primary,primary,0.99957275,0.99999897,4.262e-04,1.000000,1.000000,0.250000,4.000000
1306,relax,1,0.05000305,0,0,primary,primary,0.99957275,0.99999903,4.263e-04,1.000000,1.000000,0.250000,4.000000
1307,relax,1,0.05000305,0,0,primary,primary,0.99957275,0.99999909,4.263e-04,1.000000,1.000000,0.250000,4.000000
1308,relax,1,0.05000305,0,0,primary,primary,0.99957275,0.99999915,4.264e-04,1.000000,1.000000,0.250000,4.000000
1309,relax,1,0.05000305,0,0,primary,primary,0.99957275,0.99999920,4.264e-04,1.000000,1.000000,0.250000,4.000000
1310,relax,1,0.05000305,0,0,primary,primary,0.99957275,0.99999925,4.265e-04,1.000000,1.000000,0.250000,4.000000
1311,relax,1,0.05000305,0,0,primary,primary,0.99957275,0.99999930,4.265e-04,1.000000,1.000000,0.250000,4.000000
1312,relax,1,0.05000305,0,0,primary,primary,0.99957275,0.99999934,4.266e-04,1.000000,1.000000,0.250000,4.000000
1313,relax,1,0.05000305,0,0,primary,primary,0.99957275,0.99999938,4.266e-04,1.000000,1.000000,0.250000,4.000000
1314,relax,1,0.05000305,0,0,primary,primary,0.99957275,0.99999942,4.267e-04,1.000000,1.000000,0.250000,4.000000
1315,relax,1,0.05000305,0,0,primary,primary,0.99957275,0.99999946,4.267e-04,1.000000,1.000000,0.250000,4.000000
1316,relax,1,0.05000305,0,0,primary,primary,0.99957275,0.99999949,4.267e-04,1.000000,1.000000,0.250000,4.000000
1317,relax,1,0.05000305,0,0,primary,primary,0.99957275,0.99999952,4.268e-04,1.000000,1.000000,0.250000,4.000000
1318,relax,1,0.05000305,0,0,primary,primary,0.99957275,0.99999955,4.268e-04,1.000000,1.000000,0.250000,4.000000
1319,relax,1,0.05000305,0,0,primary,primary,0.99957275,0.99999958,4.268e-04,1.000000,1.000000,0.250000,4.000000
1320,relax,1,0.05000305,0,0,primary,primary,0.99957275,0.99999961,4.269e-04,1.000000,1.000000,0.250000,4.000000
1321,relax,1,0.05000305,0,0,primary,primary,0.99957275,0.99999963,4.269e-04,1.000000,1.000000,0.250000,4.000000
1322,relax,1,0.05000305,0,0,primary,primary,0.99957275,0.99999966,4.269e-04,1.000000,1.000000,0.250000,4.000000
1323,relax,1,0.05000305,0,0,primary,primary,0.99957275,0.99999968,4.269e-04,1.000000,1.000000,0.250000,4.000000
1324,relax,1,0.05000305,0,0,primary,primary,0.99957275,0.99999970,4.269e-04,1.000000,1.000000,0.250000,4.000000
1325,relax,1,0.05000305,0,0,primary,primary,0.99957275,0.99999972,4.270e-04,1.000000,1.000000,0.250000,4.000000
1326,relax,1,0.05000305,0,0,primary,primary,0.99957275,0.99999973,4.270e-04,1.000000,1.000000,0.250000,4.000000
1327,relax,1,0.05000305,0,0,primary,primary,0.99957275,0.99999975,4.270e-04,1.000000,1.000000,0.250000,4.000000
1328,relax,1,0.05000305,0,0,primary,primary,0.99957275,0.99999977,4.270e-04,1.000000,1.000000,0.250000,4.000000
1329,relax,1,0.05000305,0,0,primary,primary,0.99957275,0.99999978,4.270e-04,1.000000,1.000000,0.250000,4.000000
1330,relax,1,0.05000305,0,0,primary,primary,0.99957275,0.99999979,4.270e-04,1.000000,1.000000,0.250000,4.000000
1331,relax,1,0.05000305,0,0,primary,primary,0.99957275,0.99999981,4.271e-04,1.000000,1.000000,0.250000,4.000000
1332,relax,1,0.05000305,0,0,primary,primary,0.99957275,0.99999982,4.271e-04,1.000000,1.000000,0.250000,4.000000
1333,relax,1,0.05000305,0,0,primary,primary,0.99957275,0.99999983,4.271e-04,1.000000,1.000000,0.250000,4.000000
1334,relax,1,0.05000305,0,0,primary,primary,0.99957275,0.99999984,4.271e-04,1.000000,1.000000,0.250000,4.000000
1335,relax,1,0.05000305,0,0,primary,primary,0.99957275,0.99999985,4.271e-04,1.000000,1.000000,0.250000,4.000000
1336,relax,1,0.05000305,0,0,primary,primary,0.99957275,0.99999986,4.271e-04,1.000000,1.000000,0.250000,4.000000
1337,relax,1,0.05000305,0,0,primary,primary,0.99957275,0.99999987,4.271e-04,1.000000,1.000000,0.250000,4.000000
1338,relax,1,0.05000305,0,0,primary,primary,0.99957275,0.99999988,4.271e-04,1.000000,1.000000,0.250000,4.000000
1339,relax,1,0.05000305,0,0,primary,primary,0.99957275,0.99999989,4.271e-04,1.000000,1.000000,0.250000,4.000000
1340,relax,1,0.05000305,0,0,primary,primary,0.99957275,0.99999989,4.271e-04,1.000000,1.000000,0.250000,4.000000
1341,relax,1,0.05000305,0,0,primary,primary,0.99957275,0.99999990,4.271e-04,1.000000,1.000000,0.250000,4.000000
1342,relax,1,0.05000305,0,0,primary,primary,0.99957275,0.99999991,4.272e-04,1.000000,1.000000,0.250000,4.000000
1343,relax,1,0.05000305,0,0,primary,primary,0.99957275,0.99999991,4.272e-04,1.000000,1.000000,0.250000,4.000000
1344,relax,1,0.05000305,0,0,primary,primary,0.99957275,0.99999992,4.272e-04,1.000000,1.000000,0.250000,4.000000
1345,relax,1,0.05000305,0,0,primary,primary,0.99957275,0.99999992,4.272e-04,1.000000,1.000000,0.250000,4.000000
1346,relax,1,0.05000305,0,0,primary,primary,0.99957275,0.99999993,4.272e-04,1.000000,1.000000,0.250000,4.000000
1347,relax,1,0.05000305,0,0,primary,primary,0.99957275,0.99999993,4.272e-04,1.000000,1.000000,0.250000,4.000000
1348,relax,1,0.05000305,0,0,primary,primary,0.99957275,0.99999994,4.272e-04,1.000000,1.000000,0.250000,4.000000
1349,relax,1,0.05000305,0,0,primary,primary,0.99957275,0.99999994,4.272e-04,1.000000,1.000000,0.250000,4.000000
1350,relax,1,0.05000305,0,0,primary,primary,0.99957275,0.99999994,4.272e-04,1.000000,1.000000,0.250000,4.000000
1351,relax,1,0.05000305,0,0,primary,primary,0.99957275,0.99999995,4.272e-04,1.000000,1.000000,0.250000,4.000000
1352,relax,1,0.05000305,0,0,primary,primary,0.99957275,0.99999995,4.272e-04,1.000000,1.000000,0.250000,4.000000
1353,relax,1,0.05000305,0,0,primary,primary,0.99957275,0.99999995,4.272e-04,1.000000,1.000000,0.250000,4.000000
1354,relax,1,0.05000305,0,0,primary,primary,0.99957275,0.99999996,4.272e-04,1.000000,1.000000,0.250000,4.000000
1355,relax,1,0.05000305,0,0,primary,primary,0.99957275,0.99999996,4.272e-04,1.000000,1.000000,0.250000,4.000000
1356,relax,1,0.05000305,0,0,primary,primary,0.99957275,0.99999996,4.272e-04,1.000000,1.000000,0.250000,4.000000
1357,relax,1,0.05000305,0,0,primary,primary,0.99957275,0.99999996,4.272e-04,1.000000,1.000000,0.250000,4.000000
1358,relax,1,0.05000305,0,0,primary,primary,0.99957275,0.99999997,4.272e-04,1.000000,1.000000,0.250000,4.000000
1359,relax,1,0.05000305,0,0,primary,primary,0.99957275,0.99999997,4.272e-04,1.000000,1.000000,0.250000,4.000000
1360,relax,1,0.05000305,0,0,primary,primary,0.99957275,0.99999997,4.272e-04,1.000000,1.000000,0.250000,4.000000
1361,relax,1,0.05000305,0,0,primary,primary,0.99957275,0.99999997,4.272e-04,1.000000,1.000000,0.250000,4.000000
1362,relax,1,0.05000305,0,0,primary,primary,0.99957275,0.99999997,4.272e-04,1.000000,1.000000,0.250000,4.000000
1363,relax,1,0.05000305,0,0,primary,primary,0.99957275,0.99999998,4.272e-04,1.000000,1.000000,0.250000,4.000000
1364,relax,1,0.05000305,0,0,primary,primary,0.99957275,0.99999998,4.272e-04,1.000000,1.000000,0.250000,4.000000
1365,relax,1,0.05000305,0,0,primary,primary,0.99957275,0.99999998,4.272e-04,1.000000,1.000000,0.250000,4.000000
1366,relax,1,0.05000305,0,0,primary,primary,0.99957275,0.99999998,4.272e-04,1.000000,1.000000,0.250000,4.000000
1367,relax,1,0.05000305,0,0,primary,primary,0.99957275,0.99999998,4.272e-04,1.000000,1.000000,0.250000,4.000000
1368,relax,1,0.05000305,0,0,primary,primary,0.99957275,0.99999998,4.272e-04,1.000000,1.000000,0.250000,4.000000
1369,relax,1,0.05000305,0,0,primary,primary,0.99957275,0.99999998,4.272e-04,1.000000,1.000000,0.250000,4.000000
1370,relax,1,0.05000305,0,0,primary,primary,0.99957275,0.99999998,4.272e-04,1.000000,1.000000,0.250000,4.000000
1371,relax,1,0.05000305,0,0,primary,primary,0.99957275,0.99999999,4.272e-04,1.000000,1.000000,0.250000,4.000000
1372,relax,1,0.05000305,0,0,primary,primary,0.99957275,0.99999999,4.272e-04,1.000000,1.000000,0.250000,4.000000
1373,relax,1,0.05000305,0,0,primary,primary,0.99957275,0.99999999,4.272e-04,1.000000,1.000000,0.250000,4.000000
1374,relax,1,0.05000305,0,0,primary,primary,0.99957275,0.99999999,4.272e-04,1.000000,1.000000,0.250000,4.000000
1375,relax,1,0.05000305,0,0,primary,primary,0.99957275,0.99999999,4.272e-04,1.000000,1.000000,0.250000,4.000000
1376,relax,1,0.05000305,0,0,primary,primary,0.99957275,0.99999999,4.272e-04,1.000000,1.000000,0.250000,4.000000
1377,relax,1,0.05000305,0,0,primary,primary,0.99957275,0.99999999,4.272e-04,1.000000,1.000000,0.250000,4.000000
1378,relax,1,0.05000305,0,0,primary,primary,0.99957275,0.99999999,4.272e-04,1.000000,1.000000,0.250000,4.000000
1379,relax,1,0.05000305,0,0,primary,primary,0.99957275,0.99999999,4.272e-04,1.000000,1.000000,0.250000,4.000000
1380,relax,1,0.05000305,0,0,primary,primary,0.99957275,0.99999999,4.272e-04,1.000000,1.000000,0.250000,4.000000
1381,relax,1,0.05000305,0,0,primary,primary,0.99957275,0.99999999,4.272e-04,1.000000,1.000000,0.250000,4.000000
1382,relax,1,0.05000305,0,0,primary,primary,0.99957275,0.99999999,4.272e-04,1.000000,1.000000,0.250000,4.000000
1383,relax,1,0.05000305,0,0,primary,primary,0.99957275,0.99999999,4.272e-04,1.000000,1.000000,0.250000,4.000000
1384,relax,1,0.05000305,0,0,primary,primary,0.99957275,0.99999999,4.272e-04,1.000000,1.000000,0.250000,4.000000
1385,relax,1,0.05000305,0,0,primary,primary,0.99957275,0.99999999,4.272e-04,1.000000,1.000000,0.250000,4.000000
1386,relax,1,0.05000305,0,0,primary,primary,0.99957275,0.99999999,4.272e-04,1.000000,1.000000,0.250000,4.000000
1387,relax,1,0.05000305,0,0,primary,primary,0.99957275,0.99999999,4.272e-04,1.000000,1.000000,0.250000,4.000000
1388,relax,1,0.05000305,0,0,primary,primary,0.99957275,1.00000000,4.272e-04,1.000000,1.000000,0.250000,4.000000
1389,relax,1,0.05000305,0,0,primary,primary,0.99957275,1.00000000,4.272e-04,1.000000,1.000000,0.250000,4.000000
1390,relax,1,0.05000305,0,0,primary,primary,0.99957275,1.00000000,4.272e-04,1.000000,1.000000,0.250000,4.000000
1391,relax,1,0.05000305,0,0,primary,primary,0.99957275,1.00000000,4.272e-04,1.000000,1.000000,0.250000,4.000000
1392,relax,1,0.05000305,0,0,primary,primary,0.99957275,1.00000000,4.272e-04,1.000000,1.000000,0.250000,4.000000
1393,relax,1,0.05000305,0,0,primary,primary,0.99957275,1.00000000,4.272e-04,1.000000,1.000000,0.250000,4.000000
1394,relax,1,0.05000305,0,0,primary,primary,0.99957275,1.00000000,4.272e-04,1.000000,1.000000,0.250000,4.000000
1395,relax,1,0.05000305,0,0,primary,primary,0.99957275,1.00000000,4.272e-04,1.000000,1.000000,0.250000,4.000000
1396,relax,1,0.05000305,0,0,primary,primary,0.99957275,1.00000000,4.272e-04,1.000000,1.000000,0.250000,4.000000
1397,relax,1,0.05000305,0,0,primary,primary,0.99957275,1.00000000,4.272e-04,1.000000,1.000000,0.250000,4.000000
1398,relax,1,0.05000305,0,0,primary,primary,0.99957275,1.00000000,4.272e-04,1.000000,1.000000,0.250000,4.000000
1399,relax,1,0.05000305,0,0,primary,primary,0.99957275,1.00000000,4.272e-04,1.000000,1.000000,0.250000,4.000000
1400,relax,1,0.05000305,0,0,primary,primary,0.99957275,1.00000000,4.272e-04,1.000000,1.000000,0.250000,4.000000
1401,relax,1,0.05000305,0,0,primary,primary,0.99957275,1.00000000,4.272e-04,1.000000,1.000000,0.250000,4.000000
1402,relax,1,0.05000305,0,0,primary,primary,0.99957275,1.00000000,4.272e-04,1.000000,1.000000,0.250000,4.000000
1403,relax,1,0.05000305,0,0,primary,primary,0.99957275,1.00000000,4.272e-04,1.000000,1.000000,0.250000,4.000000
1404,relax,1,0.05000305,0,0,primary,primary,0.99957275,1.00000000,4.272e-04,1.000000,1.000000,0.250000,4.000000
1405,relax,1,0.05000305,0,0,primary,primary,0.99957275,1.00000000,4.272e-04,1.000000,1.000000,0.250000,4.000000
1406,relax,1,0.05000305,0,0,primary,primary,0.99957275,1.00000000,4.272e-04,1.000000,1.000000,0.250000,4.000000
1407,relax,1,0.05000305,0,0,primary,primary,0.99957275,1.00000000,4.272e-04,1.000000,1.000000,0.250000,4.000000
1408,relax,1,0.05000305,0,0,primary,primary,0.99957275,1.00000000,4.272e-04,1.000000,1.000000,0.250000,4.000000
1409,relax,1,0.05000305,0,0,primary,primary,0.99957275,1.00000000,4.272e-04,1.000000,1.000000,0.250000,4.000000
1410,relax,1,0.05000305,0,0,primary,primary,0.99957275,1.00000000,4.272e-04,1.000000,1.000000,0.250000,4.000000
